load_zone,nsrdb_id,nsrdb_lat,nsrdb_lon,lz_nc_area,roof_covg,roof_area
Oahu,4686,21.45,-157.74,18356325.126099,0.028069885527763,515259.945
Oahu,4685,21.49,-157.74,18351398.238037,0.000000000000000,0.000
Oahu,4684,21.53,-157.74,18346462.513428,0.000000000000000,0.000
Oahu,4692,21.21,-157.74,18385700.787842,,
Oahu,4691,21.25,-157.74,18380826.957153,0.000000000000000,0.000
Oahu,4690,21.29,-157.74,18375944.278809,0.073872089912975,1357469.408
Oahu,4689,21.33,-157.74,18371052.754517,0.013457327149595,247225.267
Oahu,4688,21.37,-157.74,18366152.386475,0.092546268115018,1699718.863
Oahu,4687,21.41,-157.74,18361243.176392,0.106121480461918,1948522.309
Oahu,5042,21.29,-157.58,18378040.654907,,
Oahu,5041,21.33,-157.58,18373147.424072,,
Oahu,4864,21.37,-157.66,18367167.591919,0.000000000000000,0.000
Oahu,4863,21.41,-157.66,18362257.552368,0.000000000000000,0.000
Oahu,4862,21.45,-157.66,18357338.671143,0.000000000000000,0.000
Oahu,4861,21.49,-157.66,18352410.951172,0.000000000000000,0.000
Oahu,4868,21.21,-157.66,18386719.302490,,
Oahu,4867,21.25,-157.66,18381844.646118,0.000000000000000,0.000
Oahu,4866,21.29,-157.66,18376961.140991,0.022352885923219,410778.116
Oahu,4865,21.33,-157.66,18372068.789062,0.002143873096287,39387.384
Oahu,4952,21.37,-157.62,18367698.650269,0.000000000000000,0.000
Oahu,4951,21.41,-157.62,18362788.176270,0.000000000000000,0.000
Oahu,4955,21.25,-157.62,18382377.003296,0.000000000000000,0.000
Oahu,4954,21.29,-157.62,18377493.065552,0.000000000000000,0.000
Oahu,4953,21.33,-157.62,18372600.280640,0.000000000000000,0.000
Oahu,4775,21.41,-157.70,18361742.552856,0.003135477737708,57572.835
Oahu,4774,21.45,-157.70,18356824.093506,0.000000000000000,0.000
Oahu,4773,21.49,-157.70,18351896.795776,0.000000000000000,0.000
Oahu,4772,21.53,-157.70,18346960.661499,0.000000000000000,0.000
Oahu,4780,21.21,-157.70,18386202.201782,,
Oahu,4779,21.25,-157.70,18381327.964600,0.005855966239616,107640.436
Oahu,4778,21.29,-157.70,18376444.879150,0.109634876672249,2014699.268
Oahu,4777,21.33,-157.70,18371552.947632,0.026036002909686,478321.806
Oahu,4776,21.37,-157.70,18366652.171265,0.009155008078340,168146.849
Oahu,4600,21.37,-157.78,18365668.235840,0.019427006380510,356789.954
Oahu,4599,21.41,-157.78,18360759.421509,0.086031560282280,1579604.781
Oahu,4598,21.45,-157.78,18355841.767456,0.003905779855169,71693.877
Oahu,4597,21.49,-157.78,18350915.276001,0.000000000000000,0.000
Oahu,4596,21.53,-157.78,18345979.948730,0.000000000000000,0.000
Oahu,4595,21.57,-157.78,18341035.787598,0.000000000000000,0.000
Oahu,4604,21.21,-157.78,18385215.059448,,
Oahu,4603,21.25,-157.78,18380341.622559,0.033949745321062,624007.917
Oahu,4602,21.29,-157.78,18375459.338501,0.154473181089554,2838515.658
Oahu,4601,21.33,-157.78,18370568.208740,0.008658247975385,159056.935
Oahu,4512,21.37,-157.82,18365199.718018,0.001373827368468,25230.614
Oahu,4511,21.41,-157.82,18360291.286621,0.079964362333938,1468168.985
Oahu,4510,21.45,-157.82,18355374.015991,0.032124225117195,589652.167
Oahu,4509,21.49,-157.82,18350447.908325,0.000000000000000,0.000
Oahu,4508,21.53,-157.82,18345512.965210,0.000333225732722,6113.197
Oahu,4507,21.57,-157.82,18340569.188965,0.000000000000000,0.000
Oahu,4506,21.61,-157.82,18335616.581421,0.000000000000000,0.000
Oahu,4516,21.21,-157.82,18384745.014648,,
Oahu,4515,21.25,-157.82,18379871.958862,0.011611836822242,213424.074
Oahu,4514,21.29,-157.82,18374990.056030,0.225671184112516,4146705.764
Oahu,4513,21.33,-157.82,18370099.308472,0.073671117791718,1353345.750
Oahu,4330,21.61,-157.90,18334730.816162,0.010308054963829,188995.413
Oahu,4329,21.65,-157.90,18329770.112061,0.002132012499943,39079.299
Oahu,4328,21.69,-157.90,18324800.581665,0.000000000000000,0.000
Oahu,4327,21.73,-157.90,18319822.226074,0.000000000000000,0.000
Oahu,4337,21.33,-157.90,18369208.438599,0.142087888475126,2610042.040
Oahu,4336,21.37,-157.90,18364309.574463,0.097987447102411,1799471.813
Oahu,4335,21.41,-157.90,18359401.870361,0.011704497211693,214887.568
Oahu,4334,21.45,-157.90,18354485.328369,0.000000000000000,0.000
Oahu,4333,21.49,-157.90,18349559.949829,0.000000000000000,0.000
Oahu,4332,21.53,-157.90,18344625.737183,0.000000000000000,0.000
Oahu,4331,21.57,-157.90,18339682.691895,0.001194402180670,21904.957
Oahu,4339,21.25,-157.90,18378979.638428,0.000000000000000,0.000
Oahu,4338,21.29,-157.90,18374098.460449,0.001536230746818,28226.855
Oahu,4418,21.61,-157.86,18335165.922363,0.000000000000000,0.000
Oahu,4417,21.65,-157.86,18330204.858276,0.000000000000000,0.000
Oahu,4416,21.69,-157.86,18325234.967163,0.000000000000000,0.000
Oahu,4425,21.33,-157.86,18369646.052246,0.210042242840506,3858401.657
Oahu,4424,21.37,-157.86,18364746.831421,0.015597800809859,286449.663
Oahu,4423,21.41,-157.86,18359838.770142,0.000005627445932,103.319
Oahu,4422,21.45,-157.86,18354921.869873,0.018924001336673,347348.566
Oahu,4421,21.49,-157.86,18349996.133179,0.003861603266056,70860.405
Oahu,4420,21.53,-157.86,18345061.561768,0.000743885102487,13646.618
Oahu,4419,21.57,-157.86,18340118.157593,0.003034280723920,55649.067
Oahu,4428,21.21,-157.86,18384290.652344,,
Oahu,4427,21.25,-157.86,18379417.964600,0.000000000000000,0.000
Oahu,4426,21.29,-157.86,18374536.430664,0.085513761064350,1571275.718
Oahu,3807,21.41,-158.14,18357108.358521,0.014073105031277,258341.514
Oahu,3806,21.45,-158.14,18352193.694336,0.002341110099184,42964.506
Oahu,3805,21.49,-158.14,18347270.196167,0.000000000000000,0.000
Oahu,3804,21.53,-158.14,18342337.865967,0.000000000000000,0.000
Oahu,3803,21.57,-158.14,18337396.705444,0.014330350606528,262781.324
Oahu,3802,21.61,-158.14,18332446.717285,0.000000000000000,0.000
Oahu,3801,21.65,-158.14,18327487.902588,0.000000000000000,0.000
Oahu,3811,21.25,-158.14,18376678.637695,0.000000000000000,0.000
Oahu,3810,21.29,-158.14,18371799.328613,0.000000000000000,0.000
Oahu,3809,21.33,-158.14,18366911.177612,0.005417355702209,99500.091
Oahu,3808,21.37,-158.14,18362014.187012,0.011032757459870,202583.649
Oahu,3981,21.49,-158.06,18347971.103638,0.053102082104697,974315.468
Oahu,3980,21.53,-158.06,18343038.197388,0.000221592734871,4064.684
Oahu,3979,21.57,-158.06,18338096.460327,0.000000000000000,0.000
Oahu,3978,21.61,-158.06,18333145.894043,0.000132782339380,2434.318
Oahu,3977,21.65,-158.06,18328186.501099,0.005803581439638,106369.123
Oahu,3976,21.69,-158.06,18323218.283081,0.000725645942464,13296.169
Oahu,3975,21.73,-158.06,18318241.242065,0.000000000000000,0.000
Oahu,3987,21.25,-158.06,18377382.988037,0.000000000000000,0.000
Oahu,3986,21.29,-158.06,18372503.106689,0.000054171007305,995.257
Oahu,3985,21.33,-158.06,18367614.383057,0.062091942220435,1140480.851
Oahu,3984,21.37,-158.06,18362716.819092,0.003995602051855,73370.109
Oahu,3983,21.41,-158.06,18357810.416504,0.000000000000000,0.000
Oahu,3982,21.45,-158.06,18352895.177612,0.000799096429096,14665.733
Oahu,3888,21.69,-158.10,18322861.513794,0.000000000000000,0.000
Oahu,3887,21.73,-158.10,18317884.768799,0.000000000000000,0.000
Oahu,3895,21.41,-158.10,18357451.582886,0.000000000000000,0.000
Oahu,3894,21.45,-158.10,18352536.637451,0.000000000000000,0.000
Oahu,3893,21.49,-158.10,18347612.858154,0.002141733330859,39295.694
Oahu,3892,21.53,-158.10,18342680.246094,0.000000000000000,0.000
Oahu,3891,21.57,-158.10,18337738.803589,0.013009612774794,238566.881
Oahu,3890,21.61,-158.10,18332788.532959,0.002134580395647,39132.811
Oahu,3889,21.65,-158.10,18327829.435303,0.000000000000000,0.000
Oahu,3899,21.25,-158.10,18377022.982666,0.000000000000000,0.000
Oahu,3898,21.29,-158.10,18372143.393555,0.014539875357913,267128.675
Oahu,3897,21.33,-158.10,18367254.962891,0.048779579083002,895946.966
Oahu,3896,21.37,-158.10,18362357.691772,0.031155489703610,572088.246
Oahu,3719,21.41,-158.18,18356780.742798,0.022425937792034,411668.023
Oahu,3718,21.45,-158.18,18351866.346802,0.034374805814229,630841.842
Oahu,3717,21.49,-158.18,18346943.117065,0.000088029978057,1615.081
Oahu,3716,21.53,-158.18,18342011.055786,0.000000000000000,0.000
Oahu,3715,21.57,-158.18,18337070.164795,0.001286402777980,23588.858
Oahu,3714,21.61,-158.18,18332120.446045,0.000000000000000,0.000
Oahu,3713,21.65,-158.18,18327161.901001,0.000000000000000,0.000
Oahu,3723,21.25,-158.18,18376349.952393,0.000000000000000,0.000
Oahu,3722,21.29,-158.18,18371470.909912,0.000000000000000,0.000
Oahu,3721,21.33,-158.18,18366583.026367,0.000000000000000,0.000
Oahu,3720,21.37,-158.18,18361686.303223,0.000000000000000,0.000
Oahu,3630,21.45,-158.22,18351554.593872,0.010556590015796,193729.838
Oahu,3629,21.49,-158.22,18346631.620117,0.007491182296880,137437.962
Oahu,3628,21.53,-158.22,18341699.814941,0.000000000000000,0.000
Oahu,3627,21.57,-158.22,18336759.180176,0.000476663564925,8740.465
Oahu,3626,21.61,-158.22,18331809.717896,0.000000000000000,0.000
Oahu,3625,21.65,-158.22,18326851.430298,0.000000000000000,0.000
Oahu,3632,21.37,-158.22,18361374.039917,0.000000000000000,0.000
Oahu,3631,21.41,-158.22,18356468.734375,0.000000000000000,0.000
Oahu,3364,21.53,-158.34,18340859.496582,,
Oahu,3363,21.57,-158.34,18335919.553955,,
Oahu,3362,21.61,-158.34,18330970.784912,,
Oahu,3537,21.65,-158.26,18326556.488770,0.000000000000000,0.000
Oahu,3543,21.41,-158.26,18356172.332520,0.000000000000000,0.000
Oahu,3542,21.45,-158.26,18351258.434692,0.000000000000000,0.000
Oahu,3541,21.49,-158.26,18346335.703735,0.000000000000000,0.000
Oahu,3540,21.53,-158.26,18341404.141846,0.000000000000000,0.000
Oahu,3539,21.57,-158.26,18336463.750854,0.000000000000000,0.000
Oahu,3538,21.61,-158.26,18331514.532593,0.000000000000000,0.000
Oahu,3454,21.45,-158.30,18350977.868286,0.000000000000000,0.000
Oahu,3453,21.49,-158.30,18346055.367676,0.000000000000000,0.000
Oahu,3452,21.53,-158.30,18341124.036011,0.000000000000000,0.000
Oahu,3451,21.57,-158.30,18336183.875610,0.000000000000000,0.000
Oahu,3450,21.61,-158.30,18331234.888306,0.000000000000000,0.000
Oahu,4242,21.61,-157.94,18334311.261597,0.000076906134072,1410.021
Oahu,4241,21.65,-157.94,18329350.904663,0.016964409793742,310946.620
Oahu,4240,21.69,-157.94,18324381.721313,0.007242885954817,132721.407
Oahu,4239,21.73,-157.94,18319403.714111,0.000000000000000,0.000
Oahu,4238,21.77,-157.94,18314416.884277,,
Oahu,4249,21.33,-157.94,18368786.466187,0.073402357552686,1348312.232
Oahu,4248,21.37,-157.94,18363887.946411,0.111931846621931,2055503.889
Oahu,4247,21.41,-157.94,18358980.586914,0.117625469168982,2159483.705
Oahu,4246,21.45,-157.94,18354064.389648,0.001353828747273,24848.260
Oahu,4245,21.49,-157.94,18349139.356567,0.000000000000000,0.000
Oahu,4244,21.53,-157.94,18344205.489502,0.000000000000000,0.000
Oahu,4243,21.57,-157.94,18339262.790405,0.000000000000000,0.000
Oahu,4251,21.25,-157.94,18378556.979004,0.000000000000000,0.000
Oahu,4250,21.29,-157.94,18373676.144287,0.000000000000000,0.000
Oahu,4154,21.61,-157.98,18333907.257080,0.000000000000000,0.000
Oahu,4153,21.65,-157.98,18328947.234253,0.000000000000000,0.000
Oahu,4152,21.69,-157.98,18323978.385986,0.002608274742157,47793.970
Oahu,4151,21.73,-157.98,18319000.713501,0.000000000000000,0.000
Oahu,4150,21.77,-157.98,18314014.219482,,
Oahu,4161,21.33,-157.98,18368380.133667,0.032262436354626,592608.695
Oahu,4160,21.37,-157.98,18363481.945068,0.025543796345550,469073.043
Oahu,4159,21.41,-157.98,18358574.917236,0.131020200306601,2405344.163
Oahu,4158,21.45,-157.98,18353659.052246,0.011087847846618,203502.579
Oahu,4157,21.49,-157.98,18348734.351929,0.036202471857693,664269.539
Oahu,4156,21.53,-157.98,18343800.817871,0.000316828778163,5811.844
Oahu,4155,21.57,-157.98,18338858.452515,0.000000000000000,0.000
Oahu,4163,21.25,-157.98,18378149.984985,0.000000000000000,0.000
Oahu,4162,21.29,-157.98,18373269.480591,0.000000000000000,0.000
Oahu,4066,21.61,-158.02,18333518.801880,0.000000000000000,0.000
Oahu,4065,21.65,-158.02,18328559.100464,0.000275797348405,5054.968
Oahu,4064,21.69,-158.02,18323590.573486,0.006630676695855,121497.805
Oahu,4063,21.73,-158.02,18318613.223267,0.000000000000000,0.000
Oahu,4062,21.77,-158.02,18313627.051636,,
Oahu,4073,21.33,-158.02,18367989.439697,0.121873947682155,2238579.384
Oahu,4072,21.37,-158.02,18363091.569702,0.076876516715149,1411690.516
Oahu,4071,21.41,-158.02,18358184.860962,0.085406077282405,1567900.555
Oahu,4070,21.45,-158.02,18353269.315552,0.123767272900811,2271534.092
Oahu,4069,21.49,-158.02,18348344.934692,0.079775829548115,1463754.438
Oahu,4068,21.53,-158.02,18343411.720825,0.019182330056983,351869.378
Oahu,4067,21.57,-158.02,18338469.675903,0.000000000000000,0.000
Oahu,4075,21.25,-158.02,18377758.655273,0.000000000000000,0.000
Oahu,4074,21.29,-158.02,18372878.468872,0.006290339981065,115571.652
Hawaii,11335,19.49,-154.74,18670947.853638,,
Hawaii,11334,19.53,-154.74,18666393.892944,,
Hawaii,11248,19.45,-154.78,18673764.753784,,
Hawaii,11247,19.49,-154.78,18669221.096069,,
Hawaii,11246,19.53,-154.78,18664668.419312,,
Hawaii,11245,19.57,-154.78,18660106.726318,,
Hawaii,11249,19.41,-154.78,18678299.391113,,
Hawaii,11161,19.41,-154.82,18676586.582153,,
Hawaii,11160,19.45,-154.82,18672053.213135,,
Hawaii,11159,19.49,-154.82,18667510.825073,,
Hawaii,11158,19.53,-154.82,18662959.420654,,
Hawaii,11157,19.57,-154.82,18658399.001221,,
Hawaii,11156,19.61,-154.82,18653829.569336,,
Hawaii,11070,19.53,-154.86,18661266.890747,,
Hawaii,11069,19.57,-154.86,18656707.733154,,
Hawaii,11068,19.61,-154.86,18652139.564209,,
Hawaii,11074,19.37,-154.86,18679413.374390,,
Hawaii,11073,19.41,-154.86,18674890.279419,,
Hawaii,11072,19.45,-154.86,18670358.166382,,
Hawaii,11071,19.49,-154.86,18665817.036011,,
Hawaii,10620,19.93,-155.06,18607115.857788,,
Hawaii,10709,19.89,-155.02,18613349.252441,,
Hawaii,10716,19.61,-155.02,18645543.875854,,
Hawaii,10715,19.65,-155.02,18640971.633789,,
Hawaii,10714,19.69,-155.02,18636390.391968,,
Hawaii,10713,19.73,-155.02,18631800.152100,,
Hawaii,10712,19.77,-155.02,18627200.916260,,
Hawaii,10711,19.81,-155.02,18622592.686523,,
Hawaii,10710,19.85,-155.02,18617975.464478,,
Hawaii,10723,19.33,-155.02,18677297.412354,,
Hawaii,10722,19.37,-155.02,18672788.223389,,
Hawaii,10721,19.41,-155.02,18668270.020996,,
Hawaii,10720,19.45,-155.02,18663742.807251,,
Hawaii,10719,19.49,-155.02,18659206.583740,,
Hawaii,10718,19.53,-155.02,18654661.352905,,
Hawaii,10717,19.57,-155.02,18650107.116333,,
Hawaii,10725,19.25,-155.02,18686288.742920,,
Hawaii,10724,19.29,-155.02,18681797.586548,,
Hawaii,10627,19.65,-155.06,18639364.970581,,
Hawaii,10626,19.69,-155.06,18634784.933228,,
Hawaii,10625,19.73,-155.06,18630195.899536,,
Hawaii,10624,19.77,-155.06,18625597.871948,,
Hawaii,10623,19.81,-155.06,18620990.852051,,
Hawaii,10622,19.85,-155.06,18616374.841675,,
Hawaii,10621,19.89,-155.06,18611749.843018,,
Hawaii,10634,19.37,-155.06,18671173.177124,,
Hawaii,10633,19.41,-155.06,18666656.167114,,
Hawaii,10632,19.45,-155.06,18662130.147217,,
Hawaii,10631,19.49,-155.06,18657595.119629,,
Hawaii,10630,19.53,-155.06,18653051.086182,,
Hawaii,10629,19.57,-155.06,18648498.048950,,
Hawaii,10628,19.61,-155.06,18643936.009644,,
Hawaii,10637,19.25,-155.06,18684670.130737,,
Hawaii,10636,19.29,-155.06,18680180.160889,,
Hawaii,10635,19.33,-155.06,18675681.175781,,
Hawaii,10550,19.21,-155.10,18687547.820801,,
Hawaii,10549,19.25,-155.10,18683068.041260,,
Hawaii,10548,19.29,-155.10,18678579.245972,,
Hawaii,10533,19.89,-155.10,18610166.758057,,
Hawaii,10532,19.93,-155.10,18605533.975464,,
Hawaii,10531,19.97,-155.10,18600892.209961,,
Hawaii,10540,19.61,-155.10,18642344.555664,,
Hawaii,10539,19.65,-155.10,18637774.706665,,
Hawaii,10538,19.69,-155.10,18633195.861694,,
Hawaii,10537,19.73,-155.10,18628608.021973,,
Hawaii,10536,19.77,-155.10,18624011.189941,,
Hawaii,10535,19.81,-155.10,18619405.367065,,
Hawaii,10534,19.85,-155.10,18614790.556030,,
Hawaii,10547,19.33,-155.10,18674081.437378,,
Hawaii,10546,19.37,-155.10,18669574.617065,,
Hawaii,10545,19.41,-155.10,18665058.786621,,
Hawaii,10544,19.45,-155.10,18660533.948608,,
Hawaii,10543,19.49,-155.10,18656000.104492,,
Hawaii,10542,19.53,-155.10,18651457.256470,,
Hawaii,10541,19.57,-155.10,18646905.406128,,
Hawaii,10900,19.29,-154.94,18685081.990112,,
Hawaii,10899,19.33,-154.94,18680579.401611,,
Hawaii,10898,19.37,-154.94,18676067.794922,,
Hawaii,10897,19.41,-154.94,18671547.170898,,
Hawaii,10896,19.45,-154.94,18667017.531860,,
Hawaii,10895,19.49,-154.94,18662478.879761,,
Hawaii,10894,19.53,-154.94,18657931.216675,,
Hawaii,10893,19.57,-154.94,18653374.544312,,
Hawaii,10892,19.61,-154.94,18648808.864380,,
Hawaii,10891,19.65,-154.94,18644234.179321,,
Hawaii,10890,19.69,-154.94,18639650.491089,,
Hawaii,10889,19.73,-154.94,18635057.801147,,
Hawaii,10888,19.77,-154.94,18630456.111572,,
Hawaii,10987,19.33,-154.90,18682245.165283,,
Hawaii,10986,19.37,-154.90,18677732.330933,,
Hawaii,10985,19.41,-154.90,18673210.477539,,
Hawaii,10984,19.45,-154.90,18668679.607544,,
Hawaii,10983,19.49,-154.90,18664139.722656,,
Hawaii,10982,19.53,-154.90,18659590.824951,,
Hawaii,10981,19.57,-154.90,18655032.915894,,
Hawaii,10980,19.61,-154.90,18650465.997803,,
Hawaii,10979,19.65,-154.90,18645890.072632,,
Hawaii,10803,19.65,-154.98,18642594.701782,,
Hawaii,10802,19.69,-154.98,18638012.242676,,
Hawaii,10801,19.73,-154.98,18633420.784058,,
Hawaii,10800,19.77,-154.98,18628820.327759,,
Hawaii,10810,19.37,-154.98,18674419.760742,,
Hawaii,10809,19.41,-154.98,18669900.353882,,
Hawaii,10808,19.45,-154.98,18665371.933594,,
Hawaii,10807,19.49,-154.98,18660834.502075,,
Hawaii,10806,19.53,-154.98,18656288.061157,,
Hawaii,10805,19.57,-154.98,18651732.612915,,
Hawaii,10804,19.61,-154.98,18647168.159180,,
Hawaii,10812,19.29,-154.98,18683431.527344,,
Hawaii,10811,19.33,-154.98,18678930.152832,,
Hawaii,10462,19.21,-155.14,18685961.087891,,
Hawaii,10461,19.25,-155.14,18681482.468872,,
Hawaii,10460,19.29,-155.14,18676994.836304,,
Hawaii,10445,19.89,-155.14,18608599.992310,,
Hawaii,10444,19.93,-155.14,18603968.399536,,
Hawaii,10443,19.97,-155.14,18599327.825928,,
Hawaii,10442,20.01,-155.14,18594678.273071,,
Hawaii,10452,19.61,-155.14,18640769.507812,,
Hawaii,10451,19.65,-155.14,18636200.836792,,
Hawaii,10450,19.69,-155.14,18631623.171631,,
Hawaii,10449,19.73,-155.14,18627036.513306,,
Hawaii,10448,19.77,-155.14,18622440.864502,,
Hawaii,10447,19.81,-155.14,18617836.226562,,
Hawaii,10446,19.85,-155.14,18613222.601929,,
Hawaii,10459,19.33,-155.14,18672498.191528,,
Hawaii,10458,19.37,-155.14,18667992.537231,,
Hawaii,10457,19.41,-155.14,18663477.874756,,
Hawaii,10456,19.45,-155.14,18658954.205933,,
Hawaii,10455,19.49,-155.14,18654421.532959,,
Hawaii,10454,19.53,-155.14,18649879.857544,,
Hawaii,10453,19.57,-155.14,18645329.181885,,
Hawaii,10198,19.21,-155.26,18681300.015137,,
Hawaii,10197,19.25,-155.26,18676824.804565,,
Hawaii,10196,19.29,-155.26,18672340.585693,,
Hawaii,10181,19.89,-155.26,18603997.560181,,
Hawaii,10180,19.93,-155.26,18599369.462158,,
Hawaii,10179,19.97,-155.26,18594732.388306,,
Hawaii,10178,20.01,-155.26,18590086.339844,,
Hawaii,10177,20.05,-155.26,18585431.319580,,
Hawaii,10176,20.09,-155.26,18580767.328857,,
Hawaii,10188,19.61,-155.26,18636142.752197,,
Hawaii,10187,19.65,-155.26,18631577.541016,,
Hawaii,10186,19.69,-155.26,18627003.340576,,
Hawaii,10185,19.73,-155.26,18622420.152222,,
Hawaii,10184,19.77,-155.26,18617827.978027,,
Hawaii,10183,19.81,-155.26,18613226.819946,,
Hawaii,10182,19.85,-155.26,18608616.679932,,
Hawaii,10195,19.33,-155.26,18667847.360474,,
Hawaii,10194,19.37,-155.26,18663345.129761,,
Hawaii,10193,19.41,-155.26,18658833.896606,,
Hawaii,10192,19.45,-155.26,18654313.662354,,
Hawaii,10191,19.49,-155.26,18649784.428833,,
Hawaii,10190,19.53,-155.26,18645246.197876,,
Hawaii,10189,19.57,-155.26,18640698.971802,,
Hawaii,10374,19.21,-155.18,18684390.879517,,
Hawaii,10373,19.25,-155.18,18679913.408936,,
Hawaii,10372,19.29,-155.18,18675426.926270,,
Hawaii,10357,19.89,-155.18,18607049.540649,,
Hawaii,10356,19.93,-155.18,18602419.125488,,
Hawaii,10355,19.97,-155.18,18597779.730835,,
Hawaii,10354,20.01,-155.18,18593131.358887,,
Hawaii,10364,19.61,-155.18,18639210.861450,,
Hawaii,10363,19.65,-155.18,18634643.356445,,
Hawaii,10362,19.69,-155.18,18630066.857910,,
Hawaii,10361,19.73,-155.18,18625481.369019,,
Hawaii,10360,19.77,-155.18,18620886.890747,,
Hawaii,10359,19.81,-155.18,18616283.425171,,
Hawaii,10358,19.85,-155.18,18611670.974609,,
Hawaii,10371,19.33,-155.18,18670931.433838,,
Hawaii,10370,19.37,-155.18,18666426.932861,,
Hawaii,10369,19.41,-155.18,18661913.425659,,
Hawaii,10368,19.45,-155.18,18657390.914062,,
Hawaii,10367,19.49,-155.18,18652859.400024,,
Hawaii,10366,19.53,-155.18,18648318.885010,,
Hawaii,10365,19.57,-155.18,18643769.371704,,
Hawaii,10286,19.21,-155.22,18682837.190063,,
Hawaii,10285,19.25,-155.22,18678360.856079,,
Hawaii,10284,19.29,-155.22,18673875.511230,,
Hawaii,10269,19.89,-155.22,18605515.398315,,
Hawaii,10268,19.93,-155.22,18600886.148071,,
Hawaii,10267,19.97,-155.22,18596247.919922,,
Hawaii,10266,20.01,-155.22,18591600.716187,,
Hawaii,10265,20.05,-155.22,18586944.538574,,
Hawaii,10276,19.61,-155.22,18637668.611206,,
Hawaii,10275,19.65,-155.22,18633102.259277,,
Hawaii,10274,19.69,-155.22,18628526.916138,,
Hawaii,10273,19.73,-155.22,18623942.583496,,
Hawaii,10272,19.77,-155.22,18619349.263550,,
Hawaii,10271,19.81,-155.22,18614746.958130,,
Hawaii,10270,19.85,-155.22,18610135.669189,,
Hawaii,10283,19.33,-155.22,18669381.158325,,
Hawaii,10282,19.37,-155.22,18664877.798828,,
Hawaii,10281,19.41,-155.22,18660365.434692,,
Hawaii,10280,19.45,-155.22,18655844.067993,,
Hawaii,10279,19.49,-155.22,18651313.700073,,
Hawaii,10278,19.53,-155.22,18646774.333618,,
Hawaii,10277,19.57,-155.22,18642225.969971,,
Hawaii,10111,19.17,-155.30,18684244.438232,,
Hawaii,10110,19.21,-155.30,18679779.348633,,
Hawaii,10109,19.25,-155.30,18675305.250244,,
Hawaii,10108,19.29,-155.30,18670822.145020,,
Hawaii,10107,19.33,-155.30,18666330.034424,,
Hawaii,10106,19.37,-155.30,18661828.921021,,
Hawaii,10105,19.41,-155.30,18657318.806274,,
Hawaii,10104,19.45,-155.30,18652799.692139,,
Hawaii,10103,19.49,-155.30,18648271.580444,,
Hawaii,10102,19.53,-155.30,18643734.473267,,
Hawaii,10101,19.57,-155.30,18639188.372559,,
Hawaii,10100,19.61,-155.30,18634633.279541,,
Hawaii,10099,19.65,-155.30,18630069.197021,,
Hawaii,10098,19.69,-155.30,18625496.126343,,
Hawaii,10097,19.73,-155.30,18620914.069946,,
Hawaii,10096,19.77,-155.30,18616323.028931,,
Hawaii,10095,19.81,-155.30,18611723.006104,,
Hawaii,10094,19.85,-155.30,18607114.002808,,
Hawaii,10093,19.89,-155.30,18602496.021118,,
Hawaii,10092,19.93,-155.30,18597869.063110,,
Hawaii,10091,19.97,-155.30,18593233.130493,,
Hawaii,10090,20.01,-155.30,18588588.225586,,
Hawaii,10089,20.05,-155.30,18583934.349854,,
Hawaii,10088,20.09,-155.30,18579271.505493,,
Hawaii,9936,19.13,-155.38,18685704.327271,,
Hawaii,9935,19.17,-155.38,18681250.428955,,
Hawaii,9934,19.21,-155.38,18676787.523071,,
Hawaii,9933,19.25,-155.38,18672315.611816,,
Hawaii,9932,19.29,-155.38,18667834.696899,,
Hawaii,9931,19.33,-155.38,18663344.780396,,
Hawaii,9930,19.37,-155.38,18658845.863770,,
Hawaii,9929,19.41,-155.38,18654337.949341,,
Hawaii,9928,19.45,-155.38,18649821.038696,,
Hawaii,9927,19.49,-155.38,18645295.133789,,
Hawaii,9926,19.53,-155.38,18640760.236694,,
Hawaii,9925,19.57,-155.38,18636216.349243,,
Hawaii,9924,19.61,-155.38,18631663.473145,,
Hawaii,9923,19.65,-155.38,18627101.610229,,
Hawaii,9922,19.69,-155.38,18622530.762817,,
Hawaii,9921,19.73,-155.38,18617950.932617,,
Hawaii,9920,19.77,-155.38,18613362.121216,,
Hawaii,9919,19.81,-155.38,18608764.330933,,
Hawaii,9918,19.85,-155.38,18604157.563477,,
Hawaii,9917,19.89,-155.38,18599541.821045,,
Hawaii,9916,19.93,-155.38,18594917.105591,,
Hawaii,9915,19.97,-155.38,18590283.418457,,
Hawaii,9914,20.01,-155.38,18585640.762207,,
Hawaii,9913,20.05,-155.38,18580989.138184,,
Hawaii,9912,20.09,-155.38,18576328.548950,,
Hawaii,9911,20.13,-155.38,18571658.996094,,
Hawaii,9738,20.01,-155.46,18582758.287354,,
Hawaii,9737,20.05,-155.46,18578108.865234,,
Hawaii,9736,20.09,-155.46,18573450.480713,,
Hawaii,9735,20.13,-155.46,18568783.135864,,
Hawaii,9734,20.17,-155.46,18564106.832642,,
Hawaii,9745,19.73,-155.46,18615053.132935,,
Hawaii,9744,19.77,-155.46,18610466.501709,,
Hawaii,9743,19.81,-155.46,18605870.894287,,
Hawaii,9742,19.85,-155.46,18601266.313110,,
Hawaii,9741,19.89,-155.46,18596652.759888,,
Hawaii,9740,19.93,-155.46,18592030.236694,,
Hawaii,9739,19.97,-155.46,18587398.745239,,
Hawaii,9752,19.45,-155.46,18646908.068115,,
Hawaii,9751,19.49,-155.46,18642384.321289,,
Hawaii,9750,19.53,-155.46,18637851.585205,,
Hawaii,9749,19.57,-155.46,18633309.861328,,
Hawaii,9748,19.61,-155.46,18628759.152710,,
Hawaii,9747,19.65,-155.46,18624199.460449,,
Hawaii,9746,19.69,-155.46,18619630.786255,,
Hawaii,9759,19.17,-155.46,18678322.444214,,
Hawaii,9758,19.21,-155.46,18673861.673828,,
Hawaii,9757,19.25,-155.46,18669391.900879,,
Hawaii,9756,19.29,-155.46,18664913.127686,,
Hawaii,9755,19.33,-155.46,18660425.355957,,
Hawaii,9754,19.37,-155.46,18655928.587524,,
Hawaii,9753,19.41,-155.46,18651422.824463,,
Hawaii,9761,19.09,-155.46,18687216.971436,,
Hawaii,9760,19.13,-155.46,18682774.211060,,
Hawaii,10023,19.17,-155.34,18682739.177979,,
Hawaii,10022,19.21,-155.34,18678275.186401,,
Hawaii,10021,19.25,-155.34,18673802.187622,,
Hawaii,10020,19.29,-155.34,18669320.183594,,
Hawaii,10019,19.33,-155.34,18664829.176147,,
Hawaii,10018,19.37,-155.34,18660329.167358,,
Hawaii,10017,19.41,-155.34,18655820.158813,,
Hawaii,10016,19.45,-155.34,18651302.152588,,
Hawaii,10015,19.49,-155.34,18646775.150635,,
Hawaii,10014,19.53,-155.34,18642239.154419,,
Hawaii,10013,19.57,-155.34,18637694.166382,,
Hawaii,10012,19.61,-155.34,18633140.187988,,
Hawaii,10011,19.65,-155.34,18628577.221802,,
Hawaii,10010,19.69,-155.34,18624005.268799,,
Hawaii,10009,19.73,-155.34,18619424.331421,,
Hawaii,10008,19.77,-155.34,18614834.411621,,
Hawaii,10007,19.81,-155.34,18610235.511353,,
Hawaii,10006,19.85,-155.34,18605627.632324,,
Hawaii,10005,19.89,-155.34,18601010.776367,,
Hawaii,10004,19.93,-155.34,18596384.945679,,
Hawaii,10003,19.97,-155.34,18591750.142212,,
Hawaii,10002,20.01,-155.34,18587106.367676,,
Hawaii,10001,20.05,-155.34,18582453.624390,,
Hawaii,10000,20.09,-155.34,18577791.913696,,
Hawaii,9999,20.13,-155.34,18573121.238281,,
Hawaii,9848,19.13,-155.42,18684231.012695,,
Hawaii,9847,19.17,-155.42,18679778.186035,,
Hawaii,9846,19.21,-155.42,18675316.353882,,
Hawaii,9845,19.25,-155.42,18670845.517822,,
Hawaii,9844,19.29,-155.42,18666365.679810,,
Hawaii,9843,19.33,-155.42,18661876.841675,,
Hawaii,9842,19.37,-155.42,18657379.005493,,
Hawaii,9841,19.41,-155.42,18652872.172607,,
Hawaii,9840,19.45,-155.42,18648356.345703,,
Hawaii,9839,19.49,-155.42,18643831.525635,,
Hawaii,9838,19.53,-155.42,18639297.715088,,
Hawaii,9837,19.57,-155.42,18634754.915894,,
Hawaii,9836,19.61,-155.42,18630203.129517,,
Hawaii,9835,19.65,-155.42,18625642.358154,,
Hawaii,9827,19.97,-155.42,18588832.954224,,
Hawaii,9826,20.01,-155.42,18584191.403320,,
Hawaii,9825,20.05,-155.42,18579540.886963,,
Hawaii,9824,20.09,-155.42,18574881.406128,,
Hawaii,9823,20.13,-155.42,18570212.963623,,
Hawaii,9834,19.69,-155.42,18621072.603516,,
Hawaii,9833,19.73,-155.42,18616493.867798,,
Hawaii,9832,19.77,-155.42,18611906.152710,,
Hawaii,9831,19.81,-155.42,18607309.460205,,
Hawaii,9830,19.85,-155.42,18602703.792236,,
Hawaii,9829,19.89,-155.42,18598089.150513,,
Hawaii,9828,19.93,-155.42,18593465.537231,,
Hawaii,9849,19.09,-155.42,18688674.831299,,
Hawaii,9673,19.09,-155.50,18685775.632690,,
Hawaii,9672,19.13,-155.50,18681333.918213,,
Hawaii,9671,19.17,-155.50,18676883.199585,,
Hawaii,9670,19.21,-155.50,18672423.478149,,
Hawaii,9669,19.25,-155.50,18667954.756348,,
Hawaii,9668,19.29,-155.50,18663477.035645,,
Hawaii,9667,19.33,-155.50,18658990.318115,,
Hawaii,9652,19.93,-155.50,18590611.198730,,
Hawaii,9651,19.97,-155.50,18585980.786255,,
Hawaii,9650,20.01,-155.50,18581341.409058,,
Hawaii,9649,20.05,-155.50,18576693.069214,,
Hawaii,9648,20.09,-155.50,18572035.768066,,
Hawaii,9647,20.13,-155.50,18567369.508545,,
Hawaii,9646,20.17,-155.50,18562694.291504,,
Hawaii,9659,19.65,-155.50,18622772.912231,,
Hawaii,9658,19.69,-155.50,18618205.306763,,
Hawaii,9657,19.73,-155.50,18613628.722900,,
Hawaii,9656,19.77,-155.50,18609043.162964,,
Hawaii,9655,19.81,-155.50,18604448.628540,,
Hawaii,9654,19.85,-155.50,18599845.121826,,
Hawaii,9653,19.89,-155.50,18595232.644653,,
Hawaii,9666,19.37,-155.50,18654494.605347,,
Hawaii,9665,19.41,-155.50,18649989.899414,,
Hawaii,9664,19.45,-155.50,18645476.202393,,
Hawaii,9663,19.49,-155.50,18640953.515747,,
Hawaii,9662,19.53,-155.50,18636421.841431,,
Hawaii,9661,19.57,-155.50,18631881.181763,,
Hawaii,9660,19.61,-155.50,18627331.537598,,
Hawaii,9675,19.01,-155.50,18694632.041138,,
Hawaii,9674,19.05,-155.50,18690208.340820,,
Hawaii,9498,19.05,-155.58,18687373.153442,,
Hawaii,9497,19.09,-155.58,18682942.497803,,
Hawaii,9496,19.13,-155.58,18678502.839722,,
Hawaii,9495,19.17,-155.58,18674054.180054,,
Hawaii,9494,19.21,-155.58,18669596.521240,,
Hawaii,9493,19.25,-155.58,18665129.864746,,
Hawaii,9492,19.29,-155.58,18660654.212769,,
Hawaii,9491,19.33,-155.58,18656169.566895,,
Hawaii,9490,19.37,-155.58,18651675.929077,,
Hawaii,9489,19.41,-155.58,18647173.301270,,
Hawaii,9488,19.45,-155.58,18642661.685059,,
Hawaii,9487,19.49,-155.58,18638141.082520,,
Hawaii,9486,19.53,-155.58,18633611.495483,,
Hawaii,9485,19.57,-155.58,18629072.925903,,
Hawaii,9484,19.61,-155.58,18624525.375610,,
Hawaii,9483,19.65,-155.58,18619968.846313,,
Hawaii,9482,19.69,-155.58,18615403.340088,,
Hawaii,9481,19.73,-155.58,18610828.859131,,
Hawaii,9480,19.77,-155.58,18606245.404541,,
Hawaii,9479,19.81,-155.58,18601652.978760,,
Hawaii,9478,19.85,-155.58,18597051.583740,,
Hawaii,9477,19.89,-155.58,18592441.221069,,
Hawaii,9476,19.93,-155.58,18587821.893066,,
Hawaii,9475,19.97,-155.58,18583193.601562,,
Hawaii,9474,20.01,-155.58,18578556.347412,,
Hawaii,9473,20.05,-155.58,18573910.134521,,
Hawaii,9472,20.09,-155.58,18569254.963013,,
Hawaii,9471,20.13,-155.58,18564590.835938,,
Hawaii,9470,20.17,-155.58,18559917.754761,,
Hawaii,9469,20.21,-155.58,18555235.721436,,
Hawaii,9502,18.89,-155.58,18705005.707886,,
Hawaii,9501,18.93,-155.58,18700611.082764,,
Hawaii,9500,18.97,-155.58,18696207.447510,,
Hawaii,9499,19.01,-155.58,18691794.803833,,
Hawaii,9588,18.97,-155.54,18697618.816040,,
Hawaii,9587,19.01,-155.54,18693205.154785,,
Hawaii,9586,19.05,-155.54,18688782.485474,,
Hawaii,9585,19.09,-155.54,18684350.809692,,
Hawaii,9584,19.13,-155.54,18679910.129272,,
Hawaii,9583,19.17,-155.54,18675460.446167,,
Hawaii,9582,19.21,-155.54,18671001.762207,,
Hawaii,9560,20.09,-155.54,18570637.263916,,
Hawaii,9559,20.13,-155.54,18565972.076782,,
Hawaii,9558,20.17,-155.54,18561297.933960,,
Hawaii,9567,19.81,-155.54,18603042.658325,,
Hawaii,9566,19.85,-155.54,18598440.213501,,
Hawaii,9565,19.89,-155.54,18593828.799805,,
Hawaii,9564,19.93,-155.54,18589208.419067,,
Hawaii,9563,19.97,-155.54,18584579.073120,,
Hawaii,9562,20.01,-155.54,18579940.764160,,
Hawaii,9561,20.05,-155.54,18575293.493652,,
Hawaii,9574,19.53,-155.54,18635008.479858,,
Hawaii,9573,19.57,-155.54,18630468.871216,,
Hawaii,9572,19.61,-155.54,18625920.280518,,
Hawaii,9571,19.65,-155.54,18621362.709229,,
Hawaii,9570,19.69,-155.54,18616796.159424,,
Hawaii,9569,19.73,-155.54,18612220.632935,,
Hawaii,9568,19.77,-155.54,18607636.131958,,
Hawaii,9581,19.25,-155.54,18666534.078979,,
Hawaii,9580,19.29,-155.54,18662057.398926,,
Hawaii,9579,19.33,-155.54,18657571.723145,,
Hawaii,9578,19.37,-155.54,18653077.053833,,
Hawaii,9577,19.41,-155.54,18648573.393188,,
Hawaii,9576,19.45,-155.54,18644060.742676,,
Hawaii,9575,19.49,-155.54,18639539.104126,,
Hawaii,9589,18.93,-155.54,18702023.466919,,
Hawaii,9409,19.09,-155.62,18681550.692993,,
Hawaii,9408,19.13,-155.62,18677112.044434,,
Hawaii,9407,19.17,-155.62,18672664.396362,,
Hawaii,9406,19.21,-155.62,18668207.750366,,
Hawaii,9405,19.25,-155.62,18663742.108521,,
Hawaii,9404,19.29,-155.62,18659267.472778,,
Hawaii,9403,19.33,-155.62,18654783.844238,,
Hawaii,9402,19.37,-155.62,18650291.225830,,
Hawaii,9401,19.41,-155.62,18645789.618530,,
Hawaii,9400,19.45,-155.62,18641279.024536,,
Hawaii,9399,19.49,-155.62,18636759.445679,,
Hawaii,9398,19.53,-155.62,18632230.884033,,
Hawaii,9397,19.57,-155.62,18627693.341064,,
Hawaii,9396,19.61,-155.62,18623146.818848,,
Hawaii,9381,20.21,-155.62,18553872.766968,,
Hawaii,9388,19.93,-155.62,18586451.616089,,
Hawaii,9387,19.97,-155.62,18581824.365845,,
Hawaii,9386,20.01,-155.62,18577188.155640,,
Hawaii,9385,20.05,-155.62,18572542.986694,,
Hawaii,9384,20.09,-155.62,18567888.861572,,
Hawaii,9383,20.13,-155.62,18563225.781982,,
Hawaii,9382,20.17,-155.62,18558553.749756,,
Hawaii,9395,19.65,-155.62,18618591.319336,,
Hawaii,9394,19.69,-155.62,18614026.844482,,
Hawaii,9393,19.73,-155.62,18609453.395996,,
Hawaii,9392,19.77,-155.62,18604870.975830,,
Hawaii,9391,19.81,-155.62,18600279.585815,,
Hawaii,9390,19.85,-155.62,18595679.228027,,
Hawaii,9389,19.89,-155.62,18591069.904175,,
Hawaii,9413,18.93,-155.62,18699215.253784,,
Hawaii,9412,18.97,-155.62,18694812.622070,,
Hawaii,9411,19.01,-155.62,18690400.983521,,
Hawaii,9410,19.05,-155.62,18685980.339844,,
Hawaii,9414,18.89,-155.62,18703608.876343,,
Hawaii,9117,20.21,-155.74,18549880.828247,,
Hawaii,9116,20.25,-155.74,18545193.976929,,
Hawaii,9115,20.29,-155.74,18540498.183228,,
Hawaii,9124,19.93,-155.74,18582438.235596,,
Hawaii,9123,19.97,-155.74,18577814.035645,,
Hawaii,9122,20.01,-155.74,18573180.879883,,
Hawaii,9121,20.05,-155.74,18568538.770142,,
Hawaii,9120,20.09,-155.74,18563887.707764,,
Hawaii,9119,20.13,-155.74,18559227.695801,,
Hawaii,9118,20.17,-155.74,18554558.735352,,
Hawaii,9029,20.21,-155.78,18548582.476196,,
Hawaii,9028,20.25,-155.78,18543896.626465,,
Hawaii,9027,20.29,-155.78,18539201.835815,,
Hawaii,9026,20.33,-155.78,18534498.105835,,
Hawaii,9036,19.93,-155.78,18581132.911011,,
Hawaii,9035,19.97,-155.78,18576509.702759,,
Hawaii,9034,20.01,-155.78,18571877.540283,,
Hawaii,9033,20.05,-155.78,18567236.425049,,
Hawaii,9032,20.09,-155.78,18562586.359131,,
Hawaii,9031,20.13,-155.78,18557927.344604,,
Hawaii,9030,20.17,-155.78,18553259.382812,,
Hawaii,9293,20.21,-155.66,18552525.969238,,
Hawaii,9292,20.25,-155.66,18547837.077148,,
Hawaii,9300,19.93,-155.66,18585097.583740,,
Hawaii,9299,19.97,-155.66,18580471.362915,,
Hawaii,9298,20.01,-155.66,18575836.183105,,
Hawaii,9297,20.05,-155.66,18571192.046509,,
Hawaii,9296,20.09,-155.66,18566538.954834,,
Hawaii,9295,20.13,-155.66,18561876.910156,,
Hawaii,9294,20.17,-155.66,18557205.914185,,
Hawaii,9307,19.65,-155.66,18617230.123901,,
Hawaii,9306,19.69,-155.66,18612666.667847,,
Hawaii,9305,19.73,-155.66,18608094.239990,,
Hawaii,9304,19.77,-155.66,18603512.841309,,
Hawaii,9303,19.81,-155.66,18598922.474854,,
Hawaii,9302,19.85,-155.66,18594323.141602,,
Hawaii,9301,19.89,-155.66,18589714.843994,,
Hawaii,9314,19.37,-155.66,18648922.939453,,
Hawaii,9313,19.41,-155.66,18644422.340698,,
Hawaii,9312,19.45,-155.66,18639912.756592,,
Hawaii,9311,19.49,-155.66,18635394.189331,,
Hawaii,9310,19.53,-155.66,18630866.640503,,
Hawaii,9309,19.57,-155.66,18626330.112183,,
Hawaii,9308,19.61,-155.66,18621784.605957,,
Hawaii,9321,19.09,-155.66,18680175.389893,,
Hawaii,9320,19.13,-155.66,18675737.739258,,
Hawaii,9319,19.17,-155.66,18671291.090332,,
Hawaii,9318,19.21,-155.66,18666835.445557,,
Hawaii,9317,19.25,-155.66,18662370.806152,,
Hawaii,9316,19.29,-155.66,18657897.173950,,
Hawaii,9315,19.33,-155.66,18653414.551147,,
Hawaii,9325,18.93,-155.66,18697835.974487,,
Hawaii,9324,18.97,-155.66,18693434.334595,,
Hawaii,9323,19.01,-155.66,18689023.689331,,
Hawaii,9322,19.05,-155.66,18684604.040405,,
Hawaii,9326,18.89,-155.66,18702228.607056,,
Hawaii,9327,18.85,-155.66,18706612.230713,,
Hawaii,9043,19.65,-155.78,18613244.480591,,
Hawaii,9042,19.69,-155.78,18608684.007446,,
Hawaii,9041,19.73,-155.78,18604114.566284,,
Hawaii,9040,19.77,-155.78,18599536.159668,,
Hawaii,9039,19.81,-155.78,18594948.788696,,
Hawaii,9038,19.85,-155.78,18590352.455811,,
Hawaii,9037,19.89,-155.78,18585747.162354,,
Hawaii,9050,19.37,-155.78,18644916.538330,,
Hawaii,9049,19.41,-155.78,18640418.891968,,
Hawaii,9048,19.45,-155.78,18635912.264648,,
Hawaii,9047,19.49,-155.78,18631396.658325,,
Hawaii,9046,19.53,-155.78,18626872.074707,,
Hawaii,9045,19.57,-155.78,18622338.516113,,
Hawaii,9044,19.61,-155.78,18617795.984375,,
Hawaii,9057,19.09,-155.78,18676148.447144,,
Hawaii,9056,19.13,-155.78,18671713.718018,,
Hawaii,9055,19.17,-155.78,18667269.994751,,
Hawaii,9054,19.21,-155.78,18662817.279785,,
Hawaii,9053,19.25,-155.78,18658355.574951,,
Hawaii,9052,19.29,-155.78,18653884.882080,,
Hawaii,9051,19.33,-155.78,18649405.202393,,
Hawaii,9061,18.93,-155.78,18693797.392212,,
Hawaii,9060,18.97,-155.78,18689398.655762,,
Hawaii,9059,19.01,-155.78,18684990.917847,,
Hawaii,9058,19.05,-155.78,18680574.181274,,
Hawaii,9131,19.65,-155.74,18614556.708740,,
Hawaii,9130,19.69,-155.74,18609995.253662,,
Hawaii,9129,19.73,-155.74,18605424.829346,,
Hawaii,9128,19.77,-155.74,18600845.437500,,
Hawaii,9127,19.81,-155.74,18596257.080688,,
Hawaii,9126,19.85,-155.74,18591659.760010,,
Hawaii,9125,19.89,-155.74,18587053.477417,,
Hawaii,9138,19.37,-155.74,18646235.600342,,
Hawaii,9137,19.41,-155.74,18641736.981934,,
Hawaii,9136,19.45,-155.74,18637229.381104,,
Hawaii,9135,19.49,-155.74,18632712.800049,,
Hawaii,9134,19.53,-155.74,18628187.240601,,
Hawaii,9133,19.57,-155.74,18623652.703979,,
Hawaii,9132,19.61,-155.74,18619109.192871,,
Hawaii,9145,19.09,-155.74,18677474.271606,,
Hawaii,9144,19.13,-155.74,18673038.580444,,
Hawaii,9143,19.17,-155.74,18668593.894165,,
Hawaii,9142,19.21,-155.74,18664140.214600,,
Hawaii,9141,19.25,-155.74,18659677.543579,,
Hawaii,9140,19.29,-155.74,18655205.882935,,
Hawaii,9139,19.33,-155.74,18650725.234863,,
Hawaii,9149,18.93,-155.74,18695127.048340,,
Hawaii,9148,18.97,-155.74,18690727.355713,,
Hawaii,9147,19.01,-155.74,18686318.661255,,
Hawaii,9146,19.05,-155.74,18681900.965576,,
Hawaii,9150,18.89,-155.74,18699517.736450,,
Hawaii,9231,19.17,-155.70,18669934.257935,,
Hawaii,9230,19.21,-155.70,18665479.601685,,
Hawaii,9229,19.25,-155.70,18661015.952759,,
Hawaii,9228,19.29,-155.70,18656543.312256,,
Hawaii,9227,19.33,-155.70,18652061.682739,,
Hawaii,9226,19.37,-155.70,18647571.065918,,
Hawaii,9225,19.41,-155.70,18643071.463257,,
Hawaii,9224,19.45,-155.70,18638562.877075,,
Hawaii,9223,19.49,-155.70,18634045.308838,,
Hawaii,9222,19.53,-155.70,18629518.760742,,
Hawaii,9221,19.57,-155.70,18624983.234741,,
Hawaii,9220,19.61,-155.70,18620438.731934,,
Hawaii,9219,19.65,-155.70,18615885.255249,,
Hawaii,9218,19.69,-155.70,18611322.805786,,
Hawaii,9217,19.73,-155.70,18606751.385498,,
Hawaii,9216,19.77,-155.70,18602170.996826,,
Hawaii,9215,19.81,-155.70,18597581.640869,,
Hawaii,9214,19.85,-155.70,18592983.320435,,
Hawaii,9213,19.89,-155.70,18588376.036621,,
Hawaii,9212,19.93,-155.70,18583759.791870,,
Hawaii,9211,19.97,-155.70,18579134.587402,,
Hawaii,9203,20.29,-155.70,18541810.649658,,
Hawaii,9210,20.01,-155.70,18574500.425781,,
Hawaii,9209,20.05,-155.70,18569857.308960,,
Hawaii,9208,20.09,-155.70,18565205.238281,,
Hawaii,9207,20.13,-155.70,18560544.215942,,
Hawaii,9206,20.17,-155.70,18555874.244263,,
Hawaii,9205,20.21,-155.70,18551195.324707,,
Hawaii,9204,20.25,-155.70,18546507.458984,,
Hawaii,9235,19.01,-155.70,18687662.916626,,
Hawaii,9234,19.05,-155.70,18683244.250366,,
Hawaii,9233,19.09,-155.70,18678816.584106,,
Hawaii,9232,19.13,-155.70,18674379.919189,,
Hawaii,9236,18.97,-155.70,18692072.580811,,
Hawaii,9237,18.93,-155.70,18696473.240967,,
Hawaii,9238,18.89,-155.70,18700864.895264,,
Hawaii,9239,18.85,-155.70,18705247.542236,,
Hawaii,8853,20.21,-155.86,18546034.188110,,
Hawaii,8852,20.25,-155.86,18541350.303955,,
Hawaii,8851,20.29,-155.86,18536657.481445,,
Hawaii,8850,20.33,-155.86,18531955.722656,,
Hawaii,8860,19.93,-155.86,18578570.939453,,
Hawaii,8859,19.97,-155.86,18573949.677979,,
Hawaii,8858,20.01,-155.86,18569319.464844,,
Hawaii,8857,20.05,-155.86,18564680.301514,,
Hawaii,8856,20.09,-155.86,18560032.190308,,
Hawaii,8855,20.13,-155.86,18555375.133179,,
Hawaii,8854,20.17,-155.86,18550709.131714,,
Hawaii,8941,20.21,-155.82,18547300.264038,,
Hawaii,8940,20.25,-155.82,18542615.403564,,
Hawaii,8939,20.29,-155.82,18537921.603149,,
Hawaii,8938,20.33,-155.82,18533218.864868,,
Hawaii,8948,19.93,-155.82,18579843.813599,,
Hawaii,8947,19.97,-155.82,18575221.585205,,
Hawaii,8946,20.01,-155.82,18570590.403320,,
Hawaii,8945,20.05,-155.82,18565950.270630,,
Hawaii,8944,20.09,-155.82,18561301.187988,,
Hawaii,8943,20.13,-155.82,18556643.158203,,
Hawaii,8942,20.17,-155.82,18551976.182983,,
Hawaii,8955,19.65,-155.82,18611948.566162,,
Hawaii,8954,19.69,-155.82,18607389.062866,,
Hawaii,8953,19.73,-155.82,18602820.592896,,
Hawaii,8952,19.77,-155.82,18598243.158447,,
Hawaii,8951,19.81,-155.82,18593656.761475,,
Hawaii,8950,19.85,-155.82,18589061.403687,,
Hawaii,8949,19.89,-155.82,18584457.087402,,
Hawaii,8962,19.37,-155.82,18643613.876465,,
Hawaii,8961,19.41,-155.82,18639117.189453,,
Hawaii,8960,19.45,-155.82,18634611.523315,,
Hawaii,8959,19.49,-155.82,18630096.879395,,
Hawaii,8958,19.53,-155.82,18625573.260132,,
Hawaii,8957,19.57,-155.82,18621040.666992,,
Hawaii,8956,19.61,-155.82,18616499.101562,,
Hawaii,8969,19.09,-155.82,18674839.107300,,
Hawaii,8968,19.13,-155.82,18670405.327637,,
Hawaii,8967,19.17,-155.82,18665962.555298,,
Hawaii,8966,19.21,-155.82,18661510.793213,,
Hawaii,8965,19.25,-155.82,18657050.042114,,
Hawaii,8964,19.29,-155.82,18652580.304321,,
Hawaii,8963,19.33,-155.82,18648101.582031,,
Hawaii,8973,18.93,-155.82,18692484.268188,,
Hawaii,8972,18.97,-155.82,18688086.475464,,
Hawaii,8971,19.01,-155.82,18683679.683228,,
Hawaii,8970,19.05,-155.82,18679263.893188,,
Hawaii,8867,19.65,-155.86,18610668.961670,,
Hawaii,8866,19.69,-155.86,18606110.415405,,
Hawaii,8865,19.73,-155.86,18601542.904297,,
Hawaii,8864,19.77,-155.86,18596966.429810,,
Hawaii,8863,19.81,-155.86,18592380.994385,,
Hawaii,8862,19.85,-155.86,18587786.599731,,
Hawaii,8861,19.89,-155.86,18583183.247437,,
Hawaii,8874,19.37,-155.86,18642327.609009,,
Hawaii,8873,19.41,-155.86,18637831.869751,,
Hawaii,8872,19.45,-155.86,18633327.152466,,
Hawaii,8871,19.49,-155.86,18628813.459351,,
Hawaii,8870,19.53,-155.86,18624290.791382,,
Hawaii,8869,19.57,-155.86,18619759.151367,,
Hawaii,8868,19.61,-155.86,18615218.540649,,
Hawaii,8881,19.09,-155.86,18673546.247070,,
Hawaii,8880,19.13,-155.86,18669113.404907,,
Hawaii,8879,19.17,-155.86,18664671.571777,,
Hawaii,8878,19.21,-155.86,18660220.749878,,
Hawaii,8877,19.25,-155.86,18655760.940674,,
Hawaii,8876,19.29,-155.86,18651292.146362,,
Hawaii,8875,19.33,-155.86,18646814.368652,,
Hawaii,8884,18.97,-155.86,18686790.810791,,
Hawaii,8883,19.01,-155.86,18682384.952148,,
Hawaii,8882,19.05,-155.86,18677970.096680,,
Hawaii,8509,19.89,-156.02,18578250.161621,,
Hawaii,8516,19.61,-156.02,18610259.433105,,
Hawaii,8515,19.65,-156.02,18605713.555176,,
Hawaii,8514,19.69,-156.02,18601158.715698,,
Hawaii,8513,19.73,-156.02,18596594.916626,,
Hawaii,8512,19.77,-156.02,18592022.159790,,
Hawaii,8511,19.81,-156.02,18587440.447144,,
Hawaii,8510,19.85,-156.02,18582849.780396,,
Hawaii,8520,19.45,-156.02,18628353.293945,,
Hawaii,8519,19.49,-156.02,18623843.280396,,
Hawaii,8518,19.53,-156.02,18619324.297485,,
Hawaii,8517,19.57,-156.02,18614796.347778,,
Hawaii,8705,19.09,-155.94,18671009.948975,,
Hawaii,8704,19.13,-155.94,18666578.945801,,
Hawaii,8703,19.17,-155.94,18662138.954712,,
Hawaii,8702,19.21,-155.94,18657689.977295,,
Hawaii,8701,19.25,-155.94,18653232.015747,,
Hawaii,8700,19.29,-155.94,18648765.071777,,
Hawaii,8699,19.33,-155.94,18644289.146729,,
Hawaii,8677,20.21,-155.94,18543550.426880,,
Hawaii,8676,20.25,-155.94,18538868.458252,,
Hawaii,8675,20.29,-155.94,18534177.554077,,
Hawaii,8684,19.93,-155.94,18576073.844238,,
Hawaii,8683,19.97,-155.94,18571454.479736,,
Hawaii,8681,20.05,-155.94,18562188.904785,,
Hawaii,8680,20.09,-155.94,18557542.698730,,
Hawaii,8679,20.13,-155.94,18552887.548828,,
Hawaii,8678,20.17,-155.94,18548223.457764,,
Hawaii,8691,19.65,-155.94,18608158.663818,,
Hawaii,8690,19.69,-155.94,18603601.995483,,
Hawaii,8689,19.73,-155.94,18599036.365112,,
Hawaii,8688,19.77,-155.94,18594461.774292,,
Hawaii,8687,19.81,-155.94,18589878.224609,,
Hawaii,8686,19.85,-155.94,18585285.718872,,
Hawaii,8685,19.89,-155.94,18580684.258057,,
Hawaii,8698,19.37,-155.94,18639804.243164,,
Hawaii,8697,19.41,-155.94,18635310.362671,,
Hawaii,8696,19.45,-155.94,18630807.506714,,
Hawaii,8695,19.49,-155.94,18626295.677246,,
Hawaii,8694,19.53,-155.94,18621774.876465,,
Hawaii,8693,19.57,-155.94,18617245.106323,,
Hawaii,8692,19.61,-155.94,18612706.368164,,
Hawaii,8707,19.01,-155.94,18679844.984253,,
Hawaii,8706,19.05,-155.94,18675431.962280,,
Hawaii,8618,19.05,-155.98,18674187.616089,,
Hawaii,8617,19.09,-155.98,18669766.502686,,
Hawaii,8616,19.13,-155.98,18665336.400879,,
Hawaii,8615,19.17,-155.98,18660897.312622,,
Hawaii,8614,19.21,-155.98,18656449.239746,,
Hawaii,8590,20.17,-155.98,18547004.827026,,
Hawaii,8589,20.21,-155.98,18542332.733765,,
Hawaii,8597,19.89,-155.98,18579459.100098,,
Hawaii,8596,19.93,-155.98,18574849.614868,,
Hawaii,8604,19.61,-155.98,18611474.748047,,
Hawaii,8603,19.65,-155.98,18606927.962891,,
Hawaii,8602,19.69,-155.98,18602372.215088,,
Hawaii,8601,19.73,-155.98,18597807.506714,,
Hawaii,8600,19.77,-155.98,18593233.838623,,
Hawaii,8599,19.81,-155.98,18588651.214111,,
Hawaii,8598,19.85,-155.98,18584059.633667,,
Hawaii,8610,19.37,-155.98,18638567.136230,,
Hawaii,8609,19.41,-155.98,18634074.166626,,
Hawaii,8608,19.45,-155.98,18629572.223022,,
Hawaii,8607,19.49,-155.98,18625061.307739,,
Hawaii,8606,19.53,-155.98,18620541.422363,,
Hawaii,8605,19.57,-155.98,18616012.568237,,
Hawaii,8793,19.09,-155.90,18672269.862549,,
Hawaii,8792,19.13,-155.90,18667837.945557,,
Hawaii,8791,19.17,-155.90,18663397.039551,,
Hawaii,8790,19.21,-155.90,18658947.146118,,
Hawaii,8789,19.25,-155.90,18654488.266724,,
Hawaii,8788,19.29,-155.90,18650020.403564,,
Hawaii,8787,19.33,-155.90,18645543.558105,,
Hawaii,8765,20.21,-155.90,18544784.243530,,
Hawaii,8764,20.25,-155.90,18540101.323364,,
Hawaii,8763,20.29,-155.90,18535409.466431,,
Hawaii,8762,20.33,-155.90,18530708.674072,,
Hawaii,8772,19.93,-155.90,18577314.284424,,
Hawaii,8771,19.97,-155.90,18572693.977783,,
Hawaii,8770,20.01,-155.90,18568064.720215,,
Hawaii,8769,20.05,-155.90,18563426.514404,,
Hawaii,8768,20.09,-155.90,18558779.361816,,
Hawaii,8767,20.13,-155.90,18554123.264526,,
Hawaii,8766,20.17,-155.90,18549458.224487,,
Hawaii,8779,19.65,-155.90,18609405.661987,,
Hawaii,8778,19.69,-155.90,18604848.060791,,
Hawaii,8777,19.73,-155.90,18600281.496338,,
Hawaii,8776,19.77,-155.90,18595705.969971,,
Hawaii,8775,19.81,-155.90,18591121.483887,,
Hawaii,8774,19.85,-155.90,18586528.039307,,
Hawaii,8773,19.89,-155.90,18581925.639038,,
Hawaii,8786,19.37,-155.90,18641057.732788,,
Hawaii,8785,19.41,-155.90,18636562.928711,,
Hawaii,8784,19.45,-155.90,18632059.148438,,
Hawaii,8783,19.49,-155.90,18627546.393188,,
Hawaii,8782,19.53,-155.90,18623024.665039,,
Hawaii,8781,19.57,-155.90,18618493.966064,,
Hawaii,8780,19.61,-155.90,18613954.297852,,
Hawaii,8796,18.97,-155.90,18685511.658447,,
Hawaii,8795,19.01,-155.90,18681106.720459,,
Hawaii,8794,19.05,-155.90,18676692.787964,,
Hawaii,8428,19.61,-156.06,18609060.419800,,
Hawaii,8427,19.65,-156.06,18604515.436401,,
Hawaii,8426,19.69,-156.06,18599961.493042,,
Hawaii,8425,19.73,-156.06,18595398.591064,,
Hawaii,8424,19.77,-156.06,18590826.733154,,
Hawaii,8423,19.81,-156.06,18586245.920288,,
Hawaii,8422,19.85,-156.06,18581656.154785,,
Hawaii,8249,19.73,-156.14,18593054.718750,,
Hawaii,8340,19.61,-156.10,18607877.703979,,
Hawaii,8339,19.65,-156.10,18603333.603027,,
Hawaii,8338,19.69,-156.10,18598780.543335,,
Hawaii,8337,19.73,-156.10,18594218.526733,,
Hawaii,8336,19.77,-156.10,18589647.554565,,
Hawaii,8335,19.81,-156.10,18585067.629517,,
Hawaii,8334,19.85,-156.10,18580478.752930,,
Kauai,1243,21.89,-159.30,18294414.440430,,
Kauai,1155,21.89,-159.34,18294537.988159,,
Kauai,1239,22.05,-159.30,18274289.950439,,
Kauai,1238,22.09,-159.30,18269236.818848,,
Kauai,1326,22.09,-159.26,18269129.170044,,
Kauai,1327,22.05,-159.26,18274182.210693,,
Kauai,1156,21.85,-159.34,18299547.195679,,
Kauai,1068,21.85,-159.38,18299686.304077,,
Kauai,1067,21.89,-159.38,18294676.980103,,
Kauai,1066,21.93,-159.38,18289658.846680,,
Kauai,1065,21.97,-159.38,18284631.905396,,
Kauai,1064,22.01,-159.38,18279596.158325,,
Kauai,1063,22.05,-159.38,18274551.607422,,
Kauai,1062,22.09,-159.38,18269498.254883,,
Kauai,1150,22.09,-159.34,18269359.846924,,
Kauai,1151,22.05,-159.34,18274413.082520,,
Kauai,980,21.85,-159.42,18299840.870544,,
Kauai,979,21.89,-159.42,18294831.417419,,
Kauai,978,21.93,-159.42,18289813.154297,,
Kauai,977,21.97,-159.42,18284786.083130,,
Kauai,976,22.01,-159.42,18279750.206421,,
Kauai,975,22.05,-159.42,18274705.525391,,
Kauai,974,22.09,-159.42,18269652.042603,,
Kauai,981,21.81,-159.42,18304841.511963,,
Kauai,8,22.01,-159.86,18282461.713013,,
Kauai,96,22.01,-159.82,18282138.154907,,
Kauai,97,21.97,-159.82,18287176.045044,,
Kauai,184,22.01,-159.78,18281830.011047,,
Kauai,185,21.97,-159.78,18286867.641357,,
Kauai,272,22.01,-159.74,18281537.280334,,
Kauai,273,21.97,-159.74,18286574.663696,,
Kauai,360,22.01,-159.70,18281259.961731,,
Kauai,361,21.97,-159.70,18286297.111328,,
Kauai,448,22.01,-159.66,18280998.054382,,
Kauai,449,21.97,-159.66,18286034.983276,,
Kauai,536,22.01,-159.62,18280751.557739,,
Kauai,537,21.97,-159.62,18285788.278625,,
Kauai,98,21.93,-159.82,18292205.126648,,
Kauai,186,21.93,-159.78,18291896.463440,,
Kauai,274,21.93,-159.74,18291603.239441,,
Kauai,362,21.93,-159.70,18291325.453430,,
Kauai,450,21.93,-159.66,18291063.104858,,
Kauai,540,21.85,-159.62,18300845.592285,,
Kauai,539,21.89,-159.62,18295835.297913,,
Kauai,538,21.93,-159.62,18290816.192871,,
Kauai,627,21.89,-159.58,18295603.627197,,
Kauai,715,21.89,-159.54,18295387.404358,,
Kauai,714,21.93,-159.54,18290368.674866,,
Kauai,626,21.93,-159.58,18290584.716370,,
Kauai,713,21.97,-159.54,18285341.137024,,
Kauai,625,21.97,-159.58,18285556.996826,,
Kauai,801,21.97,-159.50,18285140.698608,,
Kauai,802,21.93,-159.50,18290168.067871,,
Kauai,803,21.89,-159.50,18295186.628967,,
Kauai,800,22.01,-159.50,18280104.522949,,
Kauai,805,21.81,-159.50,18305197.318481,,
Kauai,804,21.85,-159.50,18300196.379700,,
Kauai,716,21.85,-159.54,18300397.323547,,
Kauai,628,21.85,-159.58,18300613.727478,,
Kauai,893,21.81,-159.46,18305011.679321,,
Kauai,892,21.85,-159.46,18300010.895630,,
Kauai,891,21.89,-159.46,18295001.300049,,
Kauai,890,21.93,-159.46,18289982.894409,,
Kauai,889,21.97,-159.46,18284955.680908,,
Kauai,887,22.05,-159.46,18274874.837341,,
Kauai,888,22.01,-159.46,18279919.661133,,
Kauai,886,22.09,-159.46,18269821.211121,,
Kauai,275,21.89,-159.74,18296623.005371,,
Kauai,363,21.89,-159.70,18296344.986267,,
Kauai,452,21.85,-159.66,18301092.918823,,
Kauai,451,21.89,-159.66,18296082.417358,,
Kauai,1236,22.17,-159.30,18259104.159058,,
Kauai,1237,22.13,-159.30,18264174.887817,,
Kauai,1325,22.13,-159.26,18264067.330444,,
Kauai,1324,22.17,-159.26,18258996.692993,,
Kauai,1234,22.25,-159.30,18248936.316895,,
Kauai,1235,22.21,-159.30,18254024.634766,,
Kauai,1323,22.21,-159.26,18253917.260132,,
Kauai,1061,22.13,-159.38,18264436.102173,,
Kauai,1060,22.17,-159.38,18259365.151733,,
Kauai,1148,22.17,-159.34,18259226.978760,,
Kauai,1149,22.13,-159.34,18264297.811646,,
Kauai,1057,22.29,-159.38,18244099.533081,,
Kauai,1059,22.21,-159.38,18254285.405518,,
Kauai,1058,22.25,-159.38,18249196.865112,,
Kauai,1147,22.21,-159.34,18254147.349731,,
Kauai,1145,22.29,-159.34,18243961.712891,,
Kauai,1146,22.25,-159.34,18249058.927246,,
Kauai,881,22.29,-159.46,18244421.118042,,
Kauai,883,22.21,-159.46,18254607.539917,,
Kauai,882,22.25,-159.46,18249518.725220,,
Kauai,971,22.21,-159.42,18254438.801880,,
Kauai,969,22.29,-159.42,18244252.667725,,
Kauai,970,22.25,-159.42,18249350.130981,,
Kauai,885,22.13,-159.46,18264758.785034,,
Kauai,884,22.17,-159.46,18259687.560669,,
Kauai,972,22.17,-159.42,18259518.678711,,
Kauai,973,22.13,-159.42,18264589.759888,,
Kauai,706,22.25,-159.54,18249901.900818,,
Kauai,705,22.29,-159.54,18244803.966553,,
Kauai,707,22.21,-159.54,18254991.042603,,
Kauai,795,22.21,-159.50,18254791.619995,,
Kauai,794,22.25,-159.50,18249702.648254,,
Kauai,793,22.29,-159.50,18244604.884094,,
Kauai,708,22.17,-159.54,18260071.389771,,
Kauai,709,22.13,-159.54,18265142.940430,,
Kauai,796,22.17,-159.50,18259871.797424,,
Kauai,797,22.13,-159.50,18264943.178223,,
Kauai,798,22.09,-159.50,18270005.760986,,
Kauai,799,22.05,-159.50,18275059.543152,,
Kauai,359,22.05,-159.70,18276214.006653,,
Kauai,358,22.09,-159.70,18271159.248230,,
Kauai,447,22.05,-159.66,18275952.320435,,
Kauai,446,22.09,-159.66,18270897.783264,,
Kauai,534,22.09,-159.62,18270651.702759,,
Kauai,535,22.05,-159.62,18275706.031738,,
Kauai,623,22.05,-159.58,18275475.139648,,
Kauai,622,22.09,-159.58,18270421.006104,,
Kauai,624,22.01,-159.58,18280520.470642,,
Kauai,710,22.09,-159.54,18270205.692200,,
Kauai,711,22.05,-159.54,18275259.643799,,
Kauai,712,22.01,-159.54,18280304.792603,,
Kauai,1328,22.01,-159.26,18279226.449219,,
Kauai,1152,22.01,-159.34,18279457.516357,,
Kauai,1153,21.97,-159.34,18284493.146606,,
Kauai,1154,21.93,-159.34,18289519.971191,,
Kauai,1240,22.01,-159.30,18279334.280151,,
Kauai,1242,21.93,-159.30,18289396.527222,,
Kauai,1241,21.97,-159.30,18284369.806641,,
Kauai,1329,21.97,-159.26,18284261.884888,,
Kauai,533,22.13,-159.62,18265588.572815,,
Kauai,532,22.17,-159.62,18260516.643860,,
Kauai,620,22.17,-159.58,18260286.338440,,
Kauai,621,22.13,-159.58,18265358.071594,,
Kauai,530,22.25,-159.62,18250346.396973,,
Kauai,529,22.29,-159.62,18245248.083069,,
Kauai,531,22.21,-159.62,18255435.918030,,
Kauai,617,22.29,-159.58,18245018.365845,,
Kauai,619,22.21,-159.58,18255205.808350,,
Kauai,618,22.25,-159.58,18250116.483643,,
Kauai,355,22.21,-159.70,18255942.171753,,
Kauai,443,22.21,-159.66,18255681.372131,,
Kauai,442,22.25,-159.66,18250591.641968,,
Kauai,357,22.13,-159.70,18266095.688110,,
Kauai,356,22.17,-159.70,18261023.328613,,
Kauai,444,22.17,-159.66,18260762.307251,,
Kauai,445,22.13,-159.66,18265834.444885,,
Kauai,180,22.17,-159.78,18261591.450073,,
Kauai,181,22.13,-159.78,18266664.292542,,
Kauai,268,22.17,-159.74,18261299.709473,,
Kauai,269,22.13,-159.74,18266372.303772,,
Kauai,179,22.21,-159.78,18256509.809875,,
Kauai,267,22.21,-159.74,18256218.317139,,
Kauai,182,22.09,-159.78,18271728.334717,,
Kauai,183,22.05,-159.78,18276783.575012,,
Kauai,271,22.05,-159.74,18276491.091248,,
Kauai,270,22.09,-159.74,18271436.098389,,
Kauai,93,22.13,-159.82,18266971.655273,,
Kauai,6,22.09,-159.86,18272358.969482,,
Kauai,7,22.05,-159.86,18277414.743530,,
Kauai,94,22.09,-159.82,18272035.958130,,
Kauai,95,22.05,-159.82,18277091.458740,,
Lanai,6903,20.77,-156.74,18456126.909912,,
Lanai,6902,20.81,-156.74,18451336.737793,,
Lanai,6901,20.85,-156.74,18446537.679199,,
Lanai,6816,20.73,-156.78,18460021.259766,,
Lanai,6815,20.77,-156.78,18455240.678101,,
Lanai,6814,20.81,-156.78,18450451.208984,,
Lanai,6813,20.85,-156.78,18445652.853882,,
Lanai,6812,20.89,-156.78,18440845.615112,,
Lanai,6640,20.73,-156.86,18458295.057495,,
Lanai,6639,20.77,-156.86,18453515.842163,,
Lanai,6638,20.81,-156.86,18448727.740967,,
Lanai,6637,20.85,-156.86,18443930.755737,,
Lanai,6636,20.89,-156.86,18439124.888794,,
Lanai,6635,20.93,-156.86,18434310.141357,,
Lanai,6634,20.97,-156.86,18429486.516113,,
Lanai,6641,20.69,-156.86,18463065.385132,,
Lanai,6728,20.73,-156.82,18459150.215332,,
Lanai,6727,20.77,-156.82,18454370.323242,,
Lanai,6726,20.81,-156.82,18449581.544189,,
Lanai,6725,20.85,-156.82,18444783.880615,,
Lanai,6724,20.89,-156.82,18439977.333862,,
Lanai,6723,20.93,-156.82,18435161.906250,,
Lanai,6288,20.73,-157.02,18455033.240234,,
Lanai,6287,20.77,-157.02,18450256.605957,,
Lanai,6286,20.81,-157.02,18445471.089111,,
Lanai,6285,20.85,-157.02,18440676.691650,,
Lanai,6284,20.89,-157.02,18435873.415894,,
Lanai,6283,20.93,-157.02,18431061.263428,,
Lanai,6282,20.97,-157.02,18426240.235962,,
Lanai,6289,20.69,-157.02,18459800.989990,,
Lanai,6376,20.73,-156.98,18455824.877930,,
Lanai,6375,20.77,-156.98,18451047.616943,,
Lanai,6374,20.81,-156.98,18446261.473145,,
Lanai,6373,20.85,-156.98,18441466.447876,,
Lanai,6372,20.89,-156.98,18436662.543213,,
Lanai,6371,20.93,-156.98,18431849.760864,,
Lanai,6370,20.97,-156.98,18427028.102905,,
Lanai,6377,20.69,-156.98,18460593.253174,,
Lanai,6464,20.73,-156.94,18456632.391357,,
Lanai,6463,20.77,-156.94,18451854.491943,,
Lanai,6462,20.81,-156.94,18447067.708252,,
Lanai,6461,20.85,-156.94,18442272.042480,,
Lanai,6460,20.89,-156.94,18437467.496094,,
Lanai,6459,20.93,-156.94,18432654.071533,,
Lanai,6458,20.97,-156.94,18427831.770386,,
Lanai,6465,20.69,-156.94,18461401.404907,,
Lanai,6552,20.73,-156.90,18457455.783936,,
Lanai,6551,20.77,-156.90,18452677.232910,,
Lanai,6550,20.81,-156.90,18447889.796631,,
Lanai,6549,20.85,-156.90,18443093.477295,,
Lanai,6548,20.89,-156.90,18438288.277100,,
Lanai,6547,20.93,-156.90,18433474.197266,,
Lanai,6546,20.97,-156.90,18428651.240356,,
Lanai,6553,20.69,-156.90,18462225.448120,,
Lanai,6109,20.85,-157.10,18439144.684570,,
Lanai,6108,20.89,-157.10,18434342.628418,,
Lanai,6107,20.93,-157.10,18429531.696899,,
Lanai,6106,20.97,-157.10,18424711.892456,,
Lanai,6198,20.81,-157.06,18444696.553589,,
Lanai,6197,20.85,-157.06,18439902.771484,,
Lanai,6196,20.89,-157.06,18435100.111816,,
Lanai,6195,20.93,-157.06,18430288.576294,,
Lanai,6194,20.97,-157.06,18425468.166504,,
Lanai,6199,20.77,-157.06,18449481.455444,,
Maui,8663,20.77,-155.94,18477190.415283,,
Maui,8662,20.81,-155.94,18472383.521851,,
Maui,8661,20.85,-155.94,18467567.720581,,
Maui,8660,20.89,-155.94,18462743.011963,,
Maui,8576,20.73,-155.98,18480783.011719,,
Maui,8575,20.77,-155.98,18475985.984619,,
Maui,8574,20.81,-155.98,18471180.048218,,
Maui,8573,20.85,-155.98,18466365.204468,,
Maui,8572,20.89,-155.98,18461541.455688,,
Maui,8579,20.61,-155.98,18495120.617798,,
Maui,8578,20.65,-155.98,18490350.330078,,
Maui,8577,20.69,-155.98,18485571.127563,,
Maui,8488,20.73,-156.02,18479593.581299,,
Maui,8487,20.77,-156.02,18474797.496826,,
Maui,8486,20.81,-156.02,18469992.504639,,
Maui,8485,20.85,-156.02,18465178.606445,,
Maui,8491,20.61,-156.02,18493928.366577,,
Maui,8490,20.65,-156.02,18489159.018066,,
Maui,8489,20.69,-156.02,18484380.755615,,
Maui,8666,20.65,-155.94,18491557.623901,,
Maui,8665,20.69,-155.94,18486777.468018,,
Maui,8664,20.73,-155.94,18481988.397827,,
Maui,8047,20.77,-156.22,18469094.074829,,
Maui,8046,20.81,-156.22,18464293.611694,,
Maui,8045,20.85,-156.22,18459484.248779,,
Maui,8044,20.89,-156.22,18454665.987549,,
Maui,8043,20.93,-156.22,18449838.830078,,
Maui,8042,20.97,-156.22,18445002.778320,,
Maui,8041,21.01,-156.22,18440157.834595,,
Maui,8135,20.77,-156.18,18470202.902710,,
Maui,8134,20.81,-156.18,18465401.559570,,
Maui,8133,20.85,-156.18,18460591.314575,,
Maui,8132,20.89,-156.18,18455772.170776,,
Maui,8131,20.93,-156.18,18450944.129395,,
Maui,8130,20.97,-156.18,18446107.192871,,
Maui,8140,20.57,-156.18,18494076.032104,,
Maui,8139,20.61,-156.18,18489319.224365,,
Maui,8138,20.65,-156.18,18484553.505737,,
Maui,8137,20.69,-156.18,18479778.877686,,
Maui,8136,20.73,-156.18,18474995.342773,,
Maui,8400,20.73,-156.06,18478420.103027,,
Maui,8399,20.77,-156.06,18473624.948730,,
Maui,8398,20.81,-156.06,18468820.887939,,
Maui,8397,20.85,-156.06,18464007.922119,,
Maui,8396,20.89,-156.06,18459186.053467,,
Maui,8403,20.61,-156.06,18492752.105103,,
Maui,8402,20.65,-156.06,18487983.683105,,
Maui,8401,20.69,-156.06,18483206.348511,,
Maui,8221,20.85,-156.14,18461714.279907,,
Maui,8220,20.89,-156.14,18456894.240601,,
Maui,8219,20.93,-156.14,18452065.302490,,
Maui,8228,20.57,-156.14,18495205.232910,,
Maui,8227,20.61,-156.14,18490447.537842,,
Maui,8226,20.65,-156.14,18485680.930420,,
Maui,8225,20.69,-156.14,18480905.413330,,
Maui,8224,20.73,-156.14,18476120.987427,,
Maui,8223,20.77,-156.14,18471327.655396,,
Maui,8222,20.81,-156.14,18466525.418823,,
Maui,8310,20.81,-156.10,18467665.193970,,
Maui,8309,20.85,-156.10,18462853.147827,,
Maui,8308,20.89,-156.10,18458032.200073,,
Maui,8307,20.93,-156.10,18453202.352783,,
Maui,8316,20.57,-156.10,18496350.425049,,
Maui,8315,20.61,-156.10,18491591.830200,,
Maui,8314,20.65,-156.10,18486824.321777,,
Maui,8313,20.69,-156.10,18482047.902100,,
Maui,8312,20.73,-156.10,18477262.572876,,
Maui,8311,20.77,-156.10,18472468.336182,,
Maui,7248,21.05,-156.58,18426092.257324,,
Maui,7247,21.09,-156.58,18421236.953857,,
Maui,7255,20.77,-156.58,18459830.663208,,
Maui,7254,20.81,-156.58,18455037.552979,,
Maui,7253,20.85,-156.58,18450235.552002,,
Maui,7252,20.89,-156.58,18445424.662354,,
Maui,7251,20.93,-156.58,18440604.886108,,
Maui,7250,20.97,-156.58,18435776.225342,,
Maui,7249,21.01,-156.58,18430938.681763,,
Maui,7256,20.73,-156.58,18464614.881470,,
Maui,7347,20.61,-156.54,18479882.875977,,
Maui,7346,20.65,-156.54,18475124.584839,,
Maui,7345,20.69,-156.54,18470357.394165,,
Maui,7344,20.73,-156.54,18465581.306152,,
Maui,8052,20.57,-156.22,18492962.819458,,
Maui,8051,20.61,-156.22,18488206.885986,,
Maui,8050,20.65,-156.22,18483442.043457,,
Maui,8049,20.69,-156.22,18478668.292480,,
Maui,8048,20.73,-156.22,18473885.635498,,
Maui,7965,20.53,-156.26,18496611.751465,,
Maui,7957,20.85,-156.26,18458393.078369,,
Maui,7956,20.89,-156.26,18453575.687134,,
Maui,7955,20.93,-156.26,18448749.400757,,
Maui,7954,20.97,-156.26,18443914.221436,,
Maui,7953,21.01,-156.26,18439070.150757,,
Maui,7964,20.57,-156.26,18491865.591064,,
Maui,7963,20.61,-156.26,18487110.520020,,
Maui,7962,20.65,-156.26,18482346.540161,,
Maui,7961,20.69,-156.26,18477573.653564,,
Maui,7960,20.73,-156.26,18472791.861938,,
Maui,7959,20.77,-156.26,18468001.167847,,
Maui,7958,20.81,-156.26,18463201.572510,,
Maui,7424,21.05,-156.50,18428028.613037,,
Maui,7431,20.77,-156.50,18461777.877197,,
Maui,7430,20.81,-156.50,18456983.221436,,
Maui,7429,20.85,-156.50,18452179.673584,,
Maui,7428,20.89,-156.50,18447367.234741,,
Maui,7427,20.93,-156.50,18442545.907349,,
Maui,7426,20.97,-156.50,18437715.693481,,
Maui,7425,21.01,-156.50,18432876.594727,,
Maui,7436,20.57,-156.50,18485617.699707,,
Maui,7435,20.61,-156.50,18480867.535645,,
Maui,7434,20.65,-156.50,18476108.469360,,
Maui,7433,20.69,-156.50,18471340.502808,,
Maui,7432,20.73,-156.50,18466563.638428,,
Maui,6985,21.01,-156.70,18428150.419556,,
Maui,6984,21.05,-156.70,18423306.235352,,
Maui,6990,20.81,-156.70,18452238.133545,,
Maui,6989,20.85,-156.70,18447438.358398,,
Maui,6988,20.89,-156.70,18442629.697388,,
Maui,6987,20.93,-156.70,18437812.152466,,
Maui,6986,20.97,-156.70,18432985.726074,,
Maui,7869,20.85,-156.30,18457317.800171,,
Maui,7868,20.89,-156.30,18452501.266235,,
Maui,7867,20.93,-156.30,18447675.838379,,
Maui,7866,20.97,-156.30,18442841.518188,,
Maui,7865,21.01,-156.30,18437998.308350,,
Maui,7876,20.57,-156.30,18490784.343506,,
Maui,7875,20.61,-156.30,18486030.121826,,
Maui,7874,20.65,-156.30,18481266.992554,,
Maui,7873,20.69,-156.30,18476494.957275,,
Maui,7872,20.73,-156.30,18471714.018921,,
Maui,7871,20.77,-156.30,18466924.178589,,
Maui,7870,20.81,-156.30,18462125.438232,,
Maui,7783,20.77,-156.34,18465863.103394,,
Maui,7782,20.81,-156.34,18461065.205322,,
Maui,7781,20.85,-156.34,18456258.410767,,
Maui,7780,20.89,-156.34,18451442.721191,,
Maui,7779,20.93,-156.34,18446618.138794,,
Maui,7778,20.97,-156.34,18441784.665649,,
Maui,7777,21.01,-156.34,18436942.303467,,
Maui,7789,20.53,-156.34,18494463.550171,,
Maui,7788,20.57,-156.34,18489719.073486,,
Maui,7787,20.61,-156.34,18484965.688599,,
Maui,7786,20.65,-156.34,18480203.397095,,
Maui,7785,20.69,-156.34,18475432.200928,,
Maui,7784,20.73,-156.34,18470652.102661,,
Maui,7877,20.53,-156.30,18495529.655884,,
Maui,7694,20.81,-156.38,18460020.870728,,
Maui,7693,20.85,-156.38,18455214.906616,,
Maui,7692,20.89,-156.38,18450400.048828,,
Maui,7691,20.93,-156.38,18445576.299561,,
Maui,7690,20.97,-156.38,18440743.660034,,
Maui,7689,21.01,-156.38,18435902.132690,,
Maui,7701,20.53,-156.38,18493413.431152,,
Maui,7700,20.57,-156.38,18488669.777466,,
Maui,7699,20.61,-156.38,18483917.216431,,
Maui,7698,20.65,-156.38,18479155.750366,,
Maui,7697,20.69,-156.38,18474385.380615,,
Maui,7696,20.73,-156.38,18469606.109497,,
Maui,7695,20.77,-156.38,18464817.938843,,
Maui,7519,20.77,-156.46,18462775.329102,,
Maui,7518,20.81,-156.46,18457979.881836,,
Maui,7517,20.85,-156.46,18453175.541382,,
Maui,7516,20.89,-156.46,18448362.308838,,
Maui,7515,20.93,-156.46,18443540.187134,,
Maui,7514,20.97,-156.46,18438709.177246,,
Maui,7513,21.01,-156.46,18433869.281616,,
Maui,7525,20.53,-156.46,18491361.139160,,
Maui,7524,20.57,-156.46,18486619.093872,,
Maui,7523,20.61,-156.46,18481868.143433,,
Maui,7522,20.65,-156.46,18477108.289795,,
Maui,7521,20.69,-156.46,18472339.534912,,
Maui,7520,20.73,-156.46,18467561.880859,,
Maui,7605,20.85,-156.42,18454187.284668,,
Maui,7604,20.89,-156.42,18449373.245972,,
Maui,7603,20.93,-156.42,18444550.316406,,
Maui,7602,20.97,-156.42,18439718.498413,,
Maui,7612,20.57,-156.42,18487636.451904,,
Maui,7611,20.61,-156.42,18482884.702637,,
Maui,7610,20.65,-156.42,18478124.048950,,
Maui,7609,20.69,-156.42,18473354.493286,,
Maui,7608,20.73,-156.42,18468576.036865,,
Maui,7607,20.77,-156.42,18463788.681885,,
Maui,7606,20.81,-156.42,18458992.430664,,
Maui,7613,20.53,-156.42,18492379.295288,,
Maui,7072,21.05,-156.66,18424219.111450,,
Maui,7071,21.09,-156.66,18419365.316406,,
Maui,7079,20.77,-156.66,18457947.015869,,
Maui,7078,20.81,-156.66,18453155.399658,,
Maui,7077,20.85,-156.66,18448354.895020,,
Maui,7076,20.89,-156.66,18443545.504028,,
Maui,7075,20.93,-156.66,18438727.228027,,
Maui,7074,20.97,-156.66,18433900.069458,,
Maui,7073,21.01,-156.66,18429064.030029,,
Maui,7336,21.05,-156.54,18427052.532349,,
Maui,7335,21.09,-156.54,18422196.455811,,
Maui,7343,20.77,-156.54,18460796.323120,,
Maui,7342,20.81,-156.54,18456002.446289,,
Maui,7341,20.85,-156.54,18451199.678101,,
Maui,7340,20.89,-156.54,18446388.020142,,
Maui,7339,20.93,-156.54,18441567.475098,,
Maui,7338,20.97,-156.54,18436738.043823,,
Maui,7337,21.01,-156.54,18431899.729126,,
Maui,7160,21.05,-156.62,18425147.784668,,
Maui,7159,21.09,-156.62,18420293.241821,,
Maui,7167,20.77,-156.62,18458880.895142,,
Maui,7166,20.81,-156.62,18454088.538330,,
Maui,7165,20.85,-156.62,18449287.291748,,
Maui,7164,20.89,-156.62,18444477.157959,,
Maui,7163,20.93,-156.62,18439658.138306,,
Maui,7162,20.97,-156.62,18434830.234863,,
Maui,7161,21.01,-156.62,18429993.449585,,
Maui,6897,21.01,-156.74,18427252.615845,,
Maui,6901,20.85,-156.74,18446537.679199,,
Maui,6900,20.89,-156.74,18441729.735474,,
Maui,6899,20.93,-156.74,18436912.909058,,
Maui,6898,20.97,-156.74,18432087.201660,,
Lanai,6984,21.05,-156.70,18423306.235352,,
Lanai,6983,21.09,-156.70,18418453.175049,,
Lanai,6982,21.13,-156.70,18413591.240479,,
Lanai,6981,21.17,-156.70,18408720.433960,,
Lanai,6980,21.21,-156.70,18403840.757202,,
Lanai,7071,21.09,-156.66,18419365.316406,,
Lanai,7070,21.13,-156.66,18414502.646118,,
Lanai,7069,21.17,-156.66,18409631.103027,,
Lanai,7068,21.21,-156.66,18404750.688477,,
Lanai,6896,21.05,-156.74,18422409.152466,,
Lanai,6895,21.09,-156.74,18417556.814209,,
Lanai,6894,21.13,-156.74,18412695.602783,,
Lanai,6893,21.17,-156.74,18407825.520142,,
Lanai,6892,21.21,-156.74,18402946.568481,,
Lanai,6891,21.25,-156.74,18398058.749512,,
Lanai,6809,21.01,-156.78,18426370.615356,,
Lanai,6808,21.05,-156.78,18421527.860474,,
Lanai,6807,21.09,-156.78,18416676.231567,,
Lanai,6806,21.13,-156.78,18411815.730591,,
Lanai,6805,21.17,-156.78,18406946.359131,,
Lanai,6804,21.21,-156.78,18402068.119263,,
Lanai,6803,21.25,-156.78,18397181.013184,,
Lanai,6633,21.01,-156.86,18424654.014282,,
Lanai,6632,21.05,-156.86,18419812.638184,,
Lanai,6631,21.09,-156.86,18414962.389648,,
Lanai,6630,21.13,-156.86,18410103.270874,,
Lanai,6629,21.17,-156.86,18405235.283325,,
Lanai,6628,21.21,-156.86,18400358.429321,,
Lanai,6627,21.25,-156.86,18395472.710571,,
Lanai,6721,21.01,-156.82,18425504.415771,,
Lanai,6720,21.05,-156.82,18420662.356934,,
Lanai,6719,21.09,-156.82,18415811.424316,,
Lanai,6718,21.13,-156.82,18410951.620728,,
Lanai,6717,21.17,-156.82,18406082.947632,,
Lanai,6716,21.21,-156.82,18401205.407227,,
Lanai,6715,21.25,-156.82,18396319.001465,,
Lanai,5928,21.05,-157.18,18413582.848633,,
Lanai,5927,21.09,-157.18,18408737.612305,,
Lanai,5926,21.13,-157.18,18403883.512451,,
Lanai,5925,21.17,-157.18,18399020.550049,,
Lanai,5924,21.21,-157.18,18394148.727661,,
Lanai,5923,21.25,-157.18,18389268.046997,,
Lanai,5922,21.29,-157.18,18384378.509888,,
Lanai,6016,21.05,-157.14,18414306.377319,,
Lanai,6015,21.09,-157.14,18409460.559082,,
Lanai,6014,21.13,-157.14,18404605.876465,,
Lanai,6013,21.17,-157.14,18399742.330688,,
Lanai,6012,21.21,-157.14,18394869.923950,,
Lanai,6011,21.25,-157.14,18389988.658203,,
Lanai,6281,21.01,-157.02,18421410.335571,,
Lanai,6280,21.05,-157.02,18416571.564087,,
Lanai,6279,21.09,-157.02,18411723.923828,,
Lanai,6278,21.13,-157.02,18406867.416138,,
Lanai,6277,21.17,-157.02,18402002.043213,,
Lanai,6276,21.21,-157.02,18397127.807129,,
Lanai,6275,21.25,-157.02,18392244.709961,,
Lanai,6362,21.29,-156.98,18388135.547363,,
Lanai,6369,21.01,-156.98,18422197.571289,,
Lanai,6368,21.05,-156.98,18417358.167847,,
Lanai,6367,21.09,-156.98,18412509.894531,,
Lanai,6366,21.13,-156.98,18407652.753174,,
Lanai,6365,21.17,-156.98,18402786.745972,,
Lanai,6364,21.21,-156.98,18397911.874634,,
Lanai,6363,21.25,-156.98,18393028.140991,,
Lanai,6450,21.29,-156.94,18388934.039917,,
Lanai,6457,21.01,-156.94,18423000.594727,,
Lanai,6456,21.05,-156.94,18418160.546265,,
Lanai,6455,21.09,-156.94,18413311.627319,,
Lanai,6454,21.13,-156.94,18408453.839844,,
Lanai,6453,21.17,-156.94,18403587.184937,,
Lanai,6452,21.21,-156.94,18398711.665771,,
Lanai,6451,21.25,-156.94,18393827.282959,,
Lanai,6545,21.01,-156.90,18423819.408081,,
Lanai,6544,21.05,-156.90,18418978.702393,,
Lanai,6543,21.09,-156.90,18414129.125000,,
Lanai,6542,21.13,-156.90,18409270.677979,,
Lanai,6541,21.17,-156.90,18404403.363403,,
Lanai,6540,21.21,-156.90,18399527.182983,,
Lanai,6539,21.25,-156.90,18394642.138916,,
Lanai,6102,21.13,-157.10,18405343.980103,,
Lanai,6101,21.17,-157.10,18400479.838135,,
Lanai,6100,21.21,-157.10,18395606.834351,,
Lanai,6099,21.25,-157.10,18390724.970825,,
Lanai,6104,21.05,-157.10,18415045.671265,,
Lanai,6103,21.09,-157.10,18410199.258667,,
Lanai,6191,21.09,-157.06,18410953.712280,,
Lanai,6190,21.13,-157.06,18406097.825928,,
Lanai,6189,21.17,-157.06,18401233.074829,,
Lanai,6188,21.21,-157.06,18396359.461426,,
Lanai,6187,21.25,-157.06,18391476.987427,,
Lanai,6192,21.05,-157.06,18415800.732666,,
Lanai,5487,21.09,-157.38,18405359.087036,,
Lanai,5486,21.13,-157.38,18400507.709961,,
Lanai,5839,21.09,-157.22,18408030.415894,,
Lanai,5838,21.13,-157.22,18403176.885742,,
Lanai,5837,21.17,-157.22,18398314.494507,,
Lanai,5836,21.21,-157.22,18393443.243408,,
Lanai,5835,21.25,-157.22,18388563.134888,,
Lanai,5834,21.29,-157.22,18383674.170654,,
Lanai,5840,21.05,-157.22,18412875.082642,,
Lanai,5663,21.09,-157.30,18406663.264282,,
Lanai,5662,21.13,-157.30,18401810.836182,,
Lanai,5661,21.17,-157.30,18396949.547729,,
Lanai,5660,21.21,-157.30,18392079.401611,,
Lanai,5659,21.25,-157.30,18387200.399292,,
Lanai,5658,21.29,-157.30,18382312.542725,,
Lanai,5664,21.05,-157.30,18411506.830444,,
Lanai,5751,21.09,-157.26,18407338.967407,,
Lanai,5750,21.13,-157.26,18402485.994629,,
Lanai,5749,21.17,-157.26,18397624.161011,,
Lanai,5748,21.21,-157.26,18392753.468750,,
Lanai,5747,21.25,-157.26,18387873.919800,,
Lanai,5746,21.29,-157.26,18382985.515625,,
Lanai,5752,21.05,-157.26,18412183.077271,,
Lanai,5574,21.13,-157.34,18401151.408569,,
Lanai,5573,21.17,-157.34,18396290.653198,,
Lanai,5572,21.21,-157.34,18391421.040283,,
Lanai,5576,21.05,-157.34,18410846.340088,,
Lanai,5575,21.09,-157.34,18406003.304932,,
