turbine_id,cluster_id,lat,lon,speed_ratio,avg_s80,turb_model,turb_class_type
514,101,21.51607963,-158.2277417,0.85887,4.77704850137336,C99 ,4
537,101,21.50524563,-158.2293436,1.03379,4.64596147352649,C99 ,4
538,101,21.5052188,-158.2235512,0.92746,4.70795880710962,C99 ,4
544,101,21.49982639,-158.2296617,0.97347,4.37487693214632,C99 ,4
550,101,21.49440181,-158.2288215,0.98119,4.30092563694517,C99 ,4
555,101,21.48898345,-158.2293327,0.92842,4.3324269292595,C99 ,4
573,101,21.48356109,-158.2289751,0.90483,4.22234520610172,C99 ,4
582,101,21.48008551,-158.2198235,0.94977,4.95685783266848,C99 ,4
556,102,21.48795811,-158.0802005,1.00641,5.50021977966666,C99 ,4
558,102,21.48764762,-158.0730594,0.99533,5.4396653514121,C99 ,4
561,102,21.48635065,-158.067276,1.01243,5.37032698477057,C99 ,4
568,102,21.48415009,-158.0614985,1.00131,5.31134233055352,C99 ,4
569,102,21.48368803,-158.0126603,0.95886,5.57959724409439,C99 ,4
574,102,21.48225874,-158.0787884,1.01531,5.54886020723402,C99 ,4
576,102,21.48096197,-158.0730052,1.01282,5.53525164924694,C99 ,4
577,102,21.48040564,-158.0229137,1.01272,5.59194338285673,C99 ,4
580,102,21.47950691,-158.0551579,0.97641,5.03414706680609,C99 ,4
586,102,21.47876161,-158.0672278,0.98736,5.28070685840596,C99 ,4
587,102,21.4787292,-158.0614368,0.98405,5.26300382442565,C99 ,4
594,102,21.47555443,-158.0753559,0.98212,5.53792062590499,C99 ,4
595,102,21.47500225,-158.0258453,1.01267,5.48918668813137,C99 ,4
600,102,21.47423167,-158.0489182,1.00812,5.18534580293093,C99 ,4
601,102,21.47408929,-158.0556754,1.01222,5.21877553256639,C99 ,4
604,102,21.47335416,-158.0695787,1.01151,5.40986860644054,C99 ,4
605,102,21.47332129,-158.0636913,1.00107,5.35403229997099,C99 ,4
618,102,21.46950102,-158.043158,0.99072,5.11752834059281,C99 ,4
620,102,21.46881682,-158.0499185,1.01143,5.22450536350532,C99 ,4
621,102,21.46868146,-158.0579301,0.9966,5.08126395330261,C99 ,4
625,102,21.46794719,-158.0720259,0.93171,5.36198470335177,C99 ,4
626,102,21.46791496,-158.0662352,1.00291,5.2741650059578,C99 ,4
641,102,21.46477017,-158.0373982,1.00694,5.25757084102733,C99 ,4
642,102,21.46406119,-158.0241809,0.98896,5.19742096977872,C99 ,4
643,102,21.4640862,-158.0441585,0.9969,5.14945115512547,C99 ,4
644,102,21.46375629,-158.0183923,0.99124,5.40459668262859,C99 ,4
646,102,21.46340908,-158.0521733,0.97079,4.94966939093381,C99 ,4
647,102,21.46327522,-158.0604741,1.00651,5.13179131395473,C99 ,4
652,102,21.46251019,-158.0690685,0.97136,5.10824797399312,C99 ,4
654,102,21.46184591,-158.0316268,1.00981,5.21481864582076,C99 ,4
663,102,21.4593554,-158.0383989,0.99734,5.15968996983631,C99 ,4
665,102,21.45867358,-158.0455449,0.99476,5.12649087144875,C99 ,4
667,102,21.45799092,-158.0525944,0.97601,4.8905993629641,C99 ,4
668,102,21.45787056,-158.0633075,0.99374,5.02974719128997,C99 ,4
674,102,21.45709143,-158.0693924,1.00461,5.08476454899483,C99 ,4
684,102,21.45394283,-158.0397854,1.00615,5.20526798966995,C99 ,4
688,102,21.45326039,-158.0468347,0.98178,5.06306061429187,C99 ,4
689,102,21.45318679,-158.0340001,0.98198,5.04411572592764,C99 ,4
692,102,21.45258311,-158.0548489,0.99302,5.03733893048496,C99 ,4
693,102,21.45245181,-158.0636316,0.95763,4.78631640103766,C99 ,4
697,102,21.45158393,-158.0700064,1.03874,5.19171140981414,C99 ,4
704,102,21.44852969,-158.0410754,0.97902,5.02891102527399,C99 ,4
709,102,21.44785267,-158.0490893,1.03293,5.32684238867327,C99 ,4
710,102,21.4477737,-158.0352903,1.01697,5.22384817234924,C99 ,4
712,102,21.44717962,-158.0578752,0.98835,5.01364908102225,C99 ,4
713,102,21.44703467,-158.0642452,1.00263,5.01123032433172,C99 ,4
715,102,21.44618174,-158.0733216,0.93823,5.25966169471766,C99 ,4
716,102,21.44556146,-158.0276814,1.00855,5.22804515449117,C99 ,4
722,102,21.443111,-158.0414003,0.96453,4.96235305078012,C99 ,4
730,102,21.44244929,-158.0521158,0.98787,5.12535735258618,C99 ,4
731,102,21.44235504,-158.0356154,1.01711,5.23286876483828,C99 ,4
734,102,21.4416326,-158.0675606,1.0065,5.09259954716788,C99 ,4
735,102,21.44159592,-158.060999,1.01641,5.27343126702196,C99 ,4
738,102,21.44058067,-158.073357,0.96659,5.40174742682756,C99 ,4
739,102,21.44014562,-158.0284893,1.00604,5.24231983540173,C99 ,4
745,102,21.43771876,-158.0463567,0.99816,5.19593174855288,C99 ,4
750,102,21.43704638,-158.0552385,1.01103,5.24551808174294,C99 ,4
751,102,21.43696297,-158.040572,0.96174,4.947999079854,C99 ,4
752,102,21.4369297,-158.0347826,1.05514,5.42852719728629,C99 ,4
754,102,21.43662757,-158.0139422,1.01471,5.43527826945931,C99 ,4
756,102,21.43621222,-158.067595,1.0187,5.15432801525284,C99 ,4
759,102,21.43518614,-158.061812,0.98155,5.01564019635775,C99 ,4
760,102,21.43517201,-158.075514,0.9633,5.44773415284383,C99 ,4
761,102,21.43472585,-158.0286216,0.97998,5.1925275684001,C99 ,4
763,102,21.43198613,-158.008184,0.96515,5.36215495518793,C99 ,4
765,102,21.43189167,-158.022851,1.02955,5.45517926697984,C99 ,4
766,102,21.43163036,-158.0560453,0.98535,5.17876795294911,C99 ,4
767,102,21.43155808,-158.043309,0.98203,5.20238691714974,C99 ,4
768,102,21.43150825,-158.0346253,0.97825,5.12006839802187,C99 ,4
770,102,21.43121011,-158.014461,0.99738,5.38118469789352,C99 ,4
773,102,21.43105559,-158.0502596,0.99818,5.28794289519607,C99 ,4
775,102,21.43080363,-158.0697521,0.9779,4.99698924997162,C99 ,4
777,102,21.42977763,-158.0639693,1.02542,5.23981216648144,C99 ,4
783,102,21.42614434,-158.0445022,0.99481,5.38794735186838,C99 ,4
784,102,21.42611121,-158.0387132,0.96347,5.19825948718587,C99 ,4
787,102,21.42562556,-158.0172966,1.00373,5.47532601375515,C99 ,4
790,102,21.42564725,-158.0524173,1.00691,5.33884672233491,C99 ,4
792,102,21.42539126,-158.0712337,0.94506,5.29666096873996,C99 ,4
794,102,21.42436533,-158.0654511,1.00718,5.16357455982046,C99 ,4
795,102,21.42390975,-158.0329385,0.99689,5.3785722846054,C99 ,4
799,102,21.42105665,-158.0238879,0.99099,5.34958307406149,C99 ,4
801,102,21.42080806,-158.0593953,0.9648,5.11557089403013,C99 ,4
802,102,21.42073607,-158.04666,0.99217,5.37364891251805,C99 ,4
803,102,21.42070303,-158.0408712,0.99655,5.37673794789808,C99 ,4
807,102,21.42020977,-158.0181047,1.00615,5.48852678259424,C99 ,4
814,102,21.41896534,-158.0691517,0.96669,4.95599200905246,C99 ,4
820,102,21.41573891,-158.0106092,0.98143,5.36483643095341,C99 ,4
823,102,21.41540983,-158.0633855,0.95064,4.90202552694751,C99 ,4
828,102,21.41481989,-158.0233505,0.92104,5.01738718324381,C99 ,4
831,102,21.41483533,-158.0576004,0.99933,5.34749331475799,C99 ,4
838,102,21.41273509,-158.0697701,1.00417,5.17805537771445,C99 ,4
843,102,21.41022826,-158.0106463,0.97918,5.35253706709743,C99 ,4
845,102,21.40999266,-158.0639989,1.00418,5.17810701218982,C99 ,4
846,102,21.40992051,-158.051168,0.96532,5.30580626575321,C99 ,4
852,102,21.40890725,-158.0164436,0.97497,5.26477186723174,C99 ,4
857,102,21.40731629,-158.0700938,0.99248,5.21270711804586,C99 ,4
862,102,21.40457388,-158.0643228,1.00358,5.27100654611873,C99 ,4
863,102,21.40450723,-158.0524571,0.99684,5.38390505449176,C99 ,4
866,102,21.40399943,-158.0585381,0.99702,5.38487726154899,C99 ,4
871,102,21.40062775,-157.9914172,1.00109,5.38390135956351,C99 ,4
875,102,21.39968945,-157.9856355,0.96999,5.11947090235975,C99 ,4
878,102,21.39916262,-158.0659972,0.98023,5.33398569483145,C99 ,4
880,102,21.39905568,-158.0469935,0.97536,5.36272232299794,C99 ,4
881,102,21.39858823,-158.0602127,0.97927,5.32541238386447,C99 ,4
883,102,21.3979386,-158.0412127,0.97043,5.26900418742649,C99 ,4
884,102,21.39743648,-158.0169062,0.95967,4.96957114102158,C99 ,4
885,102,21.39721404,-157.9796717,0.99043,5.28149317846728,C99 ,4
891,102,21.39429769,-157.9903995,1.00428,5.30044846813251,C99 ,4
894,102,21.39375133,-158.0676715,0.98775,5.37490637904747,C99 ,4
897,102,21.39316837,-158.0603438,0.98135,5.33672385157086,C99 ,4
898,102,21.39252044,-158.0416339,1.00136,5.4369405886363,C99 ,4
899,102,21.39202293,-158.0181,0.96317,4.98769551883267,C99 ,4
900,102,21.39182362,-157.9846287,0.99613,5.25743401097792,C99 ,4
901,102,21.39194523,-158.0358498,1.01463,5.50899025995745,C99 ,4
909,102,21.38888726,-157.9920764,0.98519,5.33360273449784,C99 ,4
915,102,21.38713193,-158.0472637,0.99064,5.50231566768848,C99 ,4
916,102,21.38655692,-158.0414798,0.99731,5.4713659814223,C99 ,4
917,102,21.38652375,-158.0356924,0.99914,5.48140580960152,C99 ,4
929,102,21.38134104,-158.029939,1.00819,5.44050371280128,C99 ,4
949,102,21.37592067,-158.0299747,1.01474,5.47584928479428,C99 ,4
953,102,21.37541475,-158.0362474,0.9867,5.53424594723235,C99 ,4
954,102,21.37398999,-158.0242003,1.01843,5.49576168508187,C99 ,4
205,103,21.59793585,-158.1024982,0.95692,5.19468297010285,C99 ,4
208,103,21.59691077,-158.0967085,0.9778,5.39317196790457,C99 ,4
221,103,21.59217235,-158.1059146,1.01199,5.3691081463003,C99 ,4
223,103,21.59150875,-158.1001229,0.98492,5.22548877443852,C99 ,4
233,103,21.58678148,-158.1114536,1.01537,5.432561092325,C99 ,4
236,103,21.58518346,-158.0998722,0.99016,5.29187217306616,C99 ,4
250,103,21.58138682,-158.116316,0.99804,5.33983998550412,C99 ,4
254,103,21.58072359,-158.1105246,0.96733,5.17553123480029,C99 ,4
263,103,21.57978914,-158.104735,0.97213,5.19551158916822,C99 ,4
264,103,21.57975789,-158.0989398,0.96417,5.34457883193437,C99 ,4
269,103,21.57890016,-158.1244445,0.98461,5.41667941602255,C99 ,4
280,103,21.57597873,-158.1186669,0.97634,5.14809348832602,C99 ,4
286,103,21.57531559,-158.1128757,0.99732,5.2587178658029,C99 ,4
294,103,21.57438123,-158.1070863,1.01206,5.44060258046931,C99 ,4
298,103,21.57380803,-158.1012947,0.97902,5.26298687184069,C99 ,4
302,103,21.57349448,-158.127278,1.01861,5.43230285088846,C99 ,4
318,103,21.56992496,-158.1185103,0.94616,4.98895902212835,C99 ,4
323,103,21.5689908,-158.112721,1.00725,5.35597765095943,C99 ,4
348,103,21.56451019,-158.1196054,0.96305,5.16337069762702,C99 ,4
353,103,21.56357608,-158.1138163,0.99065,5.26770861815904,C99 ,4
357,103,21.56300313,-158.1080251,0.98608,5.38468639953066,C99 ,4
364,103,21.56152346,-158.1016601,0.97388,5.31806587827138,C99 ,4
390,103,21.5559026,-158.098025,0.93744,5.39422051579345,C99 ,4
402,103,21.55275837,-158.1182278,0.96001,5.29486623627838,C99 ,4
405,103,21.55218558,-158.112437,0.9687,5.34279530984127,C99 ,4
414,103,21.54897392,-158.1550435,0.82376,5.33172178451809,C99 ,4
430,103,21.54529141,-158.1071678,0.82071,4.67645657038239,C99 ,4
448,103,21.54003214,-158.1554815,0.75976,5.15293312061882,C99 ,4
457,103,21.5373642,-158.0946633,0.84168,4.78515144121845,C99 ,4
467,103,21.5337867,-158.08474,1.00998,5.66726244930679,C99 ,4
482,103,21.52830663,-158.0903745,0.9606,5.4490496918272,C99 ,4
485,103,21.52721832,-158.0731947,0.98567,5.63940018753751,C99 ,4
503,103,21.52006329,-158.0699575,0.98944,5.63146608183394,C99 ,4
510,103,21.51640277,-158.077801,0.97386,5.41610332276898,C99 ,4
523,103,21.51082769,-158.0662511,0.98782,5.40811158810788,C99 ,4
524,103,21.5107952,-158.0604587,0.99848,5.59036011059929,C99 ,4
528,103,21.50832336,-158.0546822,1.00589,5.63184768356964,C99 ,4
541,103,21.50171112,-158.0516357,1.0034,5.59872389022334,C99 ,4
545,103,21.49688523,-158.0450062,1.00058,5.32899782264234,C99 ,4
546,103,21.49685202,-158.0392145,0.99472,5.44205940615452,C99 ,4
944,104,21.37503981,-157.7713993,0.9448,5.29297383096047,C99 ,4
945,104,21.37499735,-157.7656129,0.95523,5.35140482176518,C99 ,4
961,104,21.36958243,-157.7663333,1.05951,5.50690242265743,C99 ,4
962,104,21.3693588,-157.7727969,1.02476,5.32628613090626,C99 ,4
973,104,21.36592085,-157.7598061,0.90614,5.22077531373826,C99 ,4
977,104,21.36416254,-157.7663787,0.98928,5.14187538949624,C99 ,4
989,104,21.35905495,-157.7597674,0.92858,5.17163759478649,C99 ,4
996,104,21.35684426,-157.7662471,1.02986,4.96789117421695,C99 ,4
997,104,21.35616683,-157.7724246,1.05445,5.08650974080908,C99 ,4
1003,104,21.35362937,-157.7590417,0.99345,5.43932280352197,C99 ,4
1048,104,21.33895767,-157.7419056,0.93692,5.16324007312729,C99 ,4
207,105,21.59585765,-157.9061281,0.93707,5.32493639868254,C99 ,4
243,105,21.58231178,-157.8931907,0.9004,4.77194532928874,C99 ,4
272,105,21.57689435,-157.8936182,1.04897,5.00708069922245,C99 ,4
273,105,21.57667509,-157.8878249,0.92482,5.12781284243714,C99 ,4
305,105,21.57128469,-157.8923087,0.996,4.75423740676438,C99 ,4
311,105,21.56952539,-157.8994688,1.08076,4.61156773363353,C99 ,4
329,105,21.56692646,-157.8755376,0.93926,5.39874800160864,C99 ,4
398,106,21.55212263,-157.8507379,0.90505,5.45428261963495,C99 ,4
417,106,21.5466947,-157.8496219,0.88035,4.63591584041579,C99 ,4
434,106,21.54231868,-157.8438629,0.95766,5.02853362371307,C99 ,4
468,106,21.53188418,-157.8372835,0.92664,5.31761113828158,C99 ,4
483,106,21.52647568,-157.8389679,0.88711,5.09076461280457,C99 ,4
513,106,21.51462799,-157.8500676,0.96213,5.34079114482575,C99 ,4
535,106,21.50437446,-157.8566159,0.91773,4.95990880115516,C99 ,4
542,106,21.4989353,-157.8538591,0.95332,5.1522566826383,C99 ,4
543,106,21.49801874,-157.8651602,0.79252,4.01004761111414,C99 ,4
547,106,21.49351068,-157.8532259,0.99304,5.35948373258583,C99 ,4
554,106,21.48716036,-157.8625418,1.04286,5.09669208863212,C99 ,4
557,106,21.48667987,-157.8716186,1.10698,5.26471770212489,C99 ,4
570,106,21.48269121,-157.8563028,1.0027,5.35850288892973,C99 ,4
572,106,21.4817561,-157.8649002,0.9611,4.69711229525255,C99 ,4
575,106,21.48048349,-157.8505289,0.98215,5.2486824192917,C99 ,4
636,106,21.46472543,-157.8579871,0.99078,5.32628817978365,C99 ,4
669,106,21.45655513,-157.8521642,0.9587,5.05858086663389,C99 ,4
671,106,21.45647528,-157.8405846,0.91394,5.16027466824123,C99 ,4
695,106,21.45109398,-157.846224,0.98364,5.07968658860645,C99 ,4
706,106,21.44707931,-157.8404659,1.00395,5.18457085022688,C99 ,4
707,106,21.44702228,-157.8322642,0.94004,5.15881792194734,C99 ,4
725,106,21.44167534,-157.8428244,0.99865,5.32791755323303,C99 ,4
726,106,21.44160365,-157.8325003,0.99745,5.0741960488394,C99 ,4
743,106,21.43675356,-157.8496174,0.8845,4.71891368480847,C99 ,4
774,107,21.42933671,-157.8095384,0.97215,5.49206463082082,C99 ,4
793,107,21.4230688,-157.817404,0.9629,4.93281813532138,C99 ,4
813,107,21.41764952,-157.8175441,1.00319,5.13325560155269,C99 ,4
816,107,21.41562006,-157.8244101,0.86201,4.91190093527669,C99 ,4
834,107,21.41223704,-157.8186489,0.9689,4.95779591065191,C99 ,4
835,107,21.4120141,-157.8126694,1.04052,5.32427023917375,C99 ,4
855,107,21.40661394,-157.8155106,0.96057,5.37314268948771,C99 ,4
865,107,21.40293838,-157.8067619,0.99298,5.29015945657116,C99 ,4
906,201,21.38851374,-157.7488128,0.99197,5.87230974962834,C99 ,4
933,201,21.37847332,-157.7592181,1.01871,5.93396794562926,C99 ,4
938,201,21.37606605,-157.7513298,0.97172,5.8931731726045,C99 ,4
970,201,21.36786606,-157.7786923,1.03192,5.90827308288732,C99 ,4
1000,201,21.35450802,-157.7315511,0.96607,5.64044910059572,C99 ,4
1012,201,21.35030903,-157.7258015,0.98491,5.75044749529223,C99 ,4
1013,201,21.34976917,-157.7380526,0.98004,5.68974229138526,C99 ,4
1018,201,21.3481341,-157.7611129,1.00657,5.51115721086872,C99 ,4
1027,201,21.34489433,-157.7265233,1.02572,5.74176295513922,C99 ,4
1029,201,21.34437753,-157.7418593,1.00177,5.52061988033925,C99 ,4
1031,201,21.34370179,-157.7360796,1.02195,5.63182907431852,C99 ,4
1036,201,21.34189148,-157.747666,0.9546,5.84985638137378,C99 ,4
1046,201,21.33950296,-157.7303303,0.99443,5.56660820144057,C99 ,4
1050,201,21.33828194,-157.7361261,1.01602,5.59914994262655,C99 ,4
1083,201,21.32773974,-157.715873,0.76954,5.76490478063188,C99 ,4
117,202,21.64649444,-158.0616125,0.91395,5.7379663941946,C99 ,4
144,202,21.62669276,-158.0746875,0.98017,5.88471395639058,C99 ,4
159,202,21.61763272,-158.0863388,0.98493,5.81452230342256,C99 ,4
175,202,21.60875458,-158.0983739,1.00668,5.75636661225124,C99 ,4
178,202,21.60772934,-158.0925838,0.97455,5.57264181767619,C99 ,4
189,202,21.60426895,-158.104198,1.02981,5.59036916490972,C99 ,4
190,202,21.60333425,-158.0984075,1.01553,5.60127614268407,C99 ,4
193,202,21.60230902,-158.0926176,0.99591,5.49305969543714,C99 ,4
211,202,21.59597583,-158.0909183,1.02572,5.62450644722471,C99 ,4
225,202,21.59057393,-158.0943329,1.00268,5.49816695501288,C99 ,4
231,202,21.58854108,-158.0860384,0.99647,5.75264954640001,C99 ,4
234,202,21.58611808,-158.105662,1.0381,5.5480857515029,C99 ,4
237,202,21.58515203,-158.0940768,0.9907,5.49163985472874,C99 ,4
241,202,21.58430834,-158.1220938,1.00078,5.50563597144297,C99 ,4
245,202,21.58313294,-158.0882939,1.00057,5.8412454804364,C99 ,4
249,202,21.58153359,-158.144423,0.99163,5.81091186940599,C99 ,4
251,202,21.58141338,-158.1386282,0.97987,5.74199876572038,C99 ,4
252,202,21.58129296,-158.1328335,0.9865,5.53221808634427,C99 ,4
275,202,21.57773898,-158.0931571,1.01596,5.69605667888439,C99 ,4
276,202,21.57759365,-158.0831129,0.98301,5.7967843686439,C99 ,4
279,202,21.57611418,-158.144648,1.01166,5.83650673000415,C99 ,4
281,202,21.57599398,-158.1388534,0.99501,5.74044914815084,C99 ,4
282,202,21.57587358,-158.1330589,1.00705,5.58540618579327,C99 ,4
306,202,21.57233124,-158.0955087,1.00931,5.65877311373349,C99 ,4
307,202,21.57166203,-158.0887521,0.99314,5.85652064532891,C99 ,4
309,202,21.57072525,-158.0826732,1.00084,5.90192714914411,C99 ,4
313,202,21.57069624,-158.1451627,0.98958,5.70912194269511,C99 ,4
314,202,21.57057607,-158.1393684,0.98308,5.67162220878378,C99 ,4
315,202,21.57045569,-158.1335741,0.9845,5.46033676234157,C99 ,4
328,202,21.5684178,-158.1069296,1.01379,5.53600249082917,C99 ,4
332,202,21.56806396,-158.1253788,1.03638,5.55652806163259,C99 ,4
333,202,21.56762119,-158.0768013,0.91966,5.61828344583178,C99 ,4
336,202,21.56694121,-158.1011438,1.03353,5.64379661777335,C99 ,4
337,202,21.56690985,-158.0953492,1.00297,5.71949881663299,C99 ,4
340,202,21.56531077,-158.0837696,1.0056,5.96255537734367,C99 ,4
344,202,21.56506282,-158.138918,0.99819,5.86022657785791,C99 ,4
345,202,21.56503278,-158.1331234,0.99867,5.62729966396197,C99 ,4
360,202,21.56265369,-158.1273429,1.02263,5.4828073403722,C99 ,4
365,202,21.56140179,-158.0958663,0.99267,5.66076253811335,C99 ,4
374,202,21.55898705,-158.0838094,0.9965,5.91549451689958,C99 ,4
375,202,21.5591,-158.1215696,0.99269,5.60110542142566,C99 ,4
379,202,21.55816596,-158.1157807,1.02381,5.64675076527209,C99 ,4
383,202,21.55759308,-158.1099897,1.00027,5.51691747206483,C99 ,4
386,202,21.55678696,-158.0780288,0.9818,5.9694067995963,C99 ,4
389,202,21.55611661,-158.1042043,1.04371,5.83092408460967,C99 ,4
391,202,21.55541945,-158.0922336,1.02333,5.88844903533522,C99 ,4
395,202,21.55423693,-158.1418791,0.94274,5.80837985748112,C99 ,4
399,202,21.55369231,-158.1240165,0.97872,5.52228168130254,C99 ,4
409,202,21.55138103,-158.0806703,1.0142,5.94833785451089,C99 ,4
415,202,21.5485689,-158.0950767,0.99518,5.68221995290377,C99 ,4
437,202,21.54315116,-158.0955931,1.01706,5.80714926092533,C99 ,4
439,202,21.54216009,-158.063347,0.99643,5.95017891821765,C99 ,4
440,202,21.54167576,-158.0575563,0.9934,6.04792757101129,C99 ,4
447,202,21.53977076,-158.0886616,1.03456,5.95838450042321,C99 ,4
450,202,21.53919697,-158.0828714,1.04003,5.98988831369228,C99 ,4
458,202,21.53675169,-158.065506,1.00542,6.00386261729191,C99 ,4
459,202,21.53626744,-158.0597156,0.9889,6.0205312547513,C99 ,4
462,202,21.5351901,-158.0771031,0.99646,5.86576257737135,C99 ,4
470,202,21.53262846,-158.0713258,1.03054,5.89611896860799,C99 ,4
471,202,21.53244047,-158.0539468,1.01904,6.02734514716562,C99 ,4
472,202,21.53240752,-158.0481536,0.99596,6.06317699007856,C99 ,4
475,202,21.53087643,-158.0649643,1.03682,6.02711355578999,C99 ,4
478,202,21.52977989,-158.0789718,1.01111,5.78495217147515,C99 ,4
486,202,21.52704855,-158.0590025,0.96925,5.73285100902263,C99 ,4
487,202,21.52701578,-158.0532095,1.00987,5.97310746006746,C99 ,4
492,202,21.52546961,-158.0674127,1.00524,5.84353609421327,C99 ,4
493,202,21.52454368,-158.0474324,1.01459,5.97326084802915,C99 ,4
494,202,21.52437338,-158.0815162,1.12505,6.094232281698,C99 ,4
496,202,21.52333501,-158.0414542,0.98374,5.97310950850997,C99 ,4
498,202,21.52181191,-158.0757393,1.02676,5.71030538972693,C99 ,4
499,202,21.52164291,-158.0616441,1.004,5.71433489707269,C99 ,4
500,202,21.52161024,-158.0558514,1.00312,5.79175263789355,C99 ,4
505,202,21.51913823,-158.0500745,0.9975,5.87264566440636,C99 ,4
507,202,21.51793077,-158.0442895,1.0243,6.03042688173345,C99 ,4
511,202,21.51623668,-158.064189,1.02805,5.85121711397886,C99 ,4
512,202,21.5162041,-158.0583965,0.99754,5.75953546979257,C99 ,4
515,202,21.51465423,-158.0720193,1.10923,6.02688790152654,C99 ,4
517,202,21.51373219,-158.0526198,1.00884,5.64836408593681,C99 ,4
518,202,21.51310958,-158.0385284,1.00111,5.96063992346782,C99 ,4
520,202,21.51252482,-158.046835,0.9966,5.75811092848127,C99 ,4
525,202,21.51051244,-158.0268639,0.98639,6.01176196400788,C99 ,4
529,202,21.50770372,-158.041074,0.9787,5.82721022695364,C99 ,4
530,202,21.50767035,-158.0352818,0.99043,5.89705110330184,C99 ,4
532,202,21.50711607,-158.0488976,0.99476,5.74747988331691,C99 ,4
533,202,21.50666512,-158.0178149,0.96839,5.88032934290977,C99 ,4
536,202,21.50510733,-158.0295064,0.99705,5.82435846933309,C99 ,4
539,202,21.50229504,-158.0431367,1.01375,5.6564742718427,C99 ,4
540,202,21.50226176,-158.0373448,1.00568,5.77175117749848,C99 ,4
451,203,21.53730812,-157.8508546,0.93624,5.9428945090953,C99 ,4
452,203,21.53690678,-157.8450644,1.0314,5.41573136689195,C99 ,4
497,203,21.52106045,-157.8396867,0.98602,5.72257271374466,C99 ,4
509,203,21.51565659,-157.8420466,0.98808,5.74474357831858,C99 ,4
522,203,21.50978981,-157.8558978,1.0062,5.58542375689618,C99 ,4
548,203,21.49265783,-157.847441,0.98779,5.55081379288664,C99 ,4
549,203,21.49259415,-157.8645266,1.06172,5.37216458483559,C99 ,4
553,203,21.48810063,-157.8547161,1.01869,5.44395473200575,C99 ,4
559,203,21.48589284,-157.8489421,0.99418,5.46073400786226,C99 ,4
563,203,21.48386554,-157.8431669,1.0127,5.56245849899798,C99 ,4
578,203,21.47844223,-157.8427271,0.99724,5.57730319439716,C99 ,4
602,203,21.47276527,-157.8447988,0.98383,5.50230438432096,C99 ,4
611,203,21.47011704,-157.8537952,1.00498,5.40262514983278,C99 ,4
622,203,21.4673626,-157.8473506,0.99397,5.73422719152093,C99 ,4
648,203,21.46197579,-157.8522182,1.05328,5.55763223879396,C99 ,4
649,203,21.46193064,-157.8456562,1.02089,5.76413409922542,C99 ,4
670,203,21.45651531,-157.8463744,1.00528,5.67599726466456,C99 ,4
686,203,21.45246041,-157.8348264,1.00356,5.50740721769719,C99 ,4
694,203,21.45114835,-157.8541365,1.02697,5.37457248536429,C99 ,4
797,203,21.42103259,-157.8233056,1.08494,5.67430430929556,C99 ,4
185,204,21.60474518,-157.9113744,0.94327,5.71107491357715,C99 ,4
192,204,21.60127448,-157.9056044,0.95381,5.66502425539007,C99 ,4
229,204,21.58775294,-157.8963368,1.00862,5.8255781326375,C99 ,4
244,204,21.5820925,-157.8873972,0.95106,5.50916492528075,C99 ,4
274,204,21.57663629,-157.8820303,1.01103,5.60581775185619,C99 ,4
299,204,21.57235165,-157.8762684,0.98198,5.83899014326117,C99 ,4
811,205,21.42057449,-158.1690027,0.99062,5.68328831726715,C99 ,4
817,205,21.41744406,-158.1572495,0.97814,5.47533321291687,C99 ,4
832,205,21.41517399,-158.1730854,0.99394,5.40537257048497,C99 ,4
839,205,21.4120245,-158.1574735,0.97326,5.4243151702724,C99 ,4
844,205,21.41089155,-158.1657771,0.98491,5.48924480108701,C99 ,4
851,205,21.40974724,-158.1718618,0.99007,5.38432617986645,C99 ,4
873,205,21.40092002,-158.1412334,0.84357,5.3785355749306,C99 ,4
876,205,21.39984425,-158.1607269,0.96332,5.18764329345441,C99 ,4
526,206,21.51066263,-158.2285426,0.99188,4.87413454157709,C99 ,4
527,206,21.51063577,-158.2227501,0.93356,5.15602329153121,C99 ,4
633,206,21.46730002,-158.2098539,0.99421,5.45285151663588,C99 ,4
634,206,21.46705449,-158.1962464,0.88068,5.34491119165835,C99 ,4
571,207,21.48338256,-158.0860207,0.99164,5.72049548516684,C99 ,4
589,207,21.47797745,-158.0888536,0.99077,5.96875551067942,C99 ,4
728,207,21.44278609,-158.080098,1.00296,5.60499952478369,C99 ,4
778,207,21.42930664,-158.0288505,1.03618,5.49030935553332,C99 ,4
779,207,21.42849483,-158.0770034,1.00327,5.6737760453431,C99 ,4
781,207,21.42647247,-158.0230801,1.05255,5.68189743625801,C99 ,4
782,207,21.42622193,-158.0582027,1.02134,5.41535783791299,C99 ,4
810,207,21.42023342,-158.05361,1.03582,5.49213379126499,C99 ,4
812,207,21.41999115,-158.0749342,0.97536,5.46647941485655,C99 ,4
815,207,21.41850165,-158.0350967,1.01613,5.48237864806062,C99 ,4
821,207,21.4156677,-158.0293266,1.01216,5.51376523834862,C99 ,4
824,207,21.41532228,-158.0478529,0.99683,5.47899850208025,C99 ,4
825,207,21.41528929,-158.0420643,0.99068,5.44519546957974,C99 ,4
829,207,21.41478606,-158.017562,1.06103,5.72949029428216,C99 ,4
833,207,21.41458031,-158.0767049,0.99839,5.4950545754214,C99 ,4
836,207,21.41308796,-158.03629,1.00395,5.54914468909562,C99 ,4
847,207,21.40988764,-158.0453797,1.01125,5.55825709275701,C99 ,4
850,207,21.4094182,-158.058214,1.02155,5.46639468342599,C99 ,4
854,207,21.40826393,-158.0780953,0.98494,5.53253951613361,C99 ,4
864,207,21.40447441,-158.046669,1.00331,5.52436007263298,C99 ,4
867,207,21.40335732,-158.040888,1.00609,5.53557348927773,C99 ,4
870,207,21.40190497,-158.071768,0.96636,5.42817306166325,C99 ,4
879,207,21.39908847,-158.0527814,1.02302,5.56333149753501,C99 ,4
895,207,21.39367734,-158.0544562,1.03076,5.6054228533873,C99 ,4
896,207,21.39364461,-158.0486685,1.00687,5.53597084241225,C99 ,4
912,207,21.38824878,-158.0530442,1.0115,5.61521276182546,C99 ,4
913,207,21.3877776,-158.0656836,0.98758,5.68747045100075,C99 ,4
914,207,21.38774526,-158.0598962,1.02101,5.66800653274017,C99 ,4
923,207,21.38282838,-158.053079,1.00026,5.55281531092712,C99 ,4
925,207,21.38237006,-158.068033,1.02112,5.88062693220272,C99 ,4
927,207,21.38186991,-158.059355,1.00346,5.57057999914306,C99 ,4
928,207,21.38171154,-158.0472988,0.99554,5.65897874585431,C99 ,4
931,207,21.38113654,-158.0415151,0.98976,5.55140891285062,C99 ,4
932,207,21.38110338,-158.0357279,0.99044,5.55522309211573,C99 ,4
942,207,21.3774107,-158.0535962,0.98253,5.647185157976,C99 ,4
946,207,21.37646785,-158.0626689,0.94682,5.77876538912414,C99 ,4
948,207,21.37602286,-158.0478179,1.00124,5.69137938626746,C99 ,4
951,207,21.37571891,-158.0420326,0.9919,5.56341209216065,C99 ,4
960,207,21.37200875,-158.0569102,0.98,5.85642794208627,C99 ,4
964,207,21.37062104,-158.0511321,0.99125,5.8401741622601,C99 ,4
965,207,21.37050309,-158.0304926,0.98145,5.52690409128654,C99 ,4
966,207,21.3703172,-158.0453471,0.99284,5.84954208648108,C99 ,4
969,207,21.37000046,-158.0373438,0.98754,5.73194510902151,C99 ,4
971,207,21.36857243,-158.0247184,1.01581,5.72039777060357,C99 ,4
980,207,21.36490174,-158.0462502,0.98134,5.78178722185889,C99 ,4
982,207,21.36459774,-158.0404654,0.98258,5.70315594730981,C99 ,4
983,207,21.36456235,-158.0342931,0.98603,5.72318052808124,C99 ,4
984,207,21.36317388,-158.0285155,0.98636,5.79192495140864,C99 ,4
560,208,21.48653706,-158.0055947,1.02998,5.99344364836866,C99 ,4
562,208,21.48590476,-157.9905412,0.93728,5.90893645819771,C99 ,4
596,208,21.47496841,-158.0200545,1.02488,5.72363603083316,C99 ,4
597,208,21.47457301,-158.014266,1.00821,5.63053866573667,C99 ,4
615,208,21.47047357,-158.0085027,1.01195,5.68723936567684,C99 ,4
617,208,21.46956506,-158.022986,1.07025,5.62463579608516,C99 ,4
619,208,21.46916921,-158.0171013,1.04483,5.69678828353466,C99 ,4
628,208,21.46709664,-158.0027348,0.97677,5.66729889449108,C99 ,4
630,208,21.46638608,-157.9897106,0.95985,5.75573781827644,C99 ,4
651,208,21.46245479,-157.9969759,0.98293,5.70303983639924,C99 ,4
705,208,21.4481687,-157.9949506,1.04311,5.94819859508213,C99 ,4
723,208,21.44276983,-157.9985579,1.01272,5.83042891614982,C99 ,4
724,208,21.44272522,-157.991128,0.95917,5.76898529005398,C99 ,4
747,208,21.43738007,-158.0037088,1.03507,5.72560939345996,C99 ,4
764,208,21.43195174,-158.0023948,0.97011,5.58933699908516,C99 ,4
771,208,21.43089736,-157.9922707,0.96445,5.86962654729528,C99 ,4
780,208,21.42655096,-158.0057121,1.06301,5.90584285028799,C99 ,4
786,208,21.42567612,-157.9656768,0.92153,5.64923002757047,C99 ,4
788,208,21.42549911,-157.9959742,1.02962,5.87273625320786,C99 ,4
798,208,21.42115238,-158.0094149,1.00087,5.56089067246767,C99 ,4
808,208,21.42007072,-157.9946606,1.02014,5.81866433175015,C99 ,4
819,208,21.41633012,-158.0036587,1.03575,5.66176858021144,C99 ,4
826,208,21.41488607,-157.9739533,1.01676,5.87137129053141,C99 ,4
830,208,21.41462667,-157.9907422,0.97176,5.53030056800359,C99 ,4
841,208,21.4109167,-158.0048531,1.0166,5.55708793805198,C99 ,4
842,208,21.41049487,-157.9797725,1.00246,5.7402884064351,C99 ,4
848,208,21.40934648,-157.9990753,0.98631,5.50575346802393,C99 ,4
849,208,21.4092058,-157.990683,0.96357,5.48369129066221,C99 ,4
860,208,21.40510564,-157.9849229,1.02202,5.49646335448671,C99 ,4
888,208,21.39473488,-157.9731293,0.99626,5.47682882915814,C99 ,4
907,208,21.38934936,-157.9788581,0.99642,5.5032222021203,C99 ,4
921,208,21.38394199,-157.9810177,1.01342,5.5971128818334,C99 ,4
937,208,21.37786599,-157.9921519,0.99746,5.70454934118099,C99 ,4
1090,209,21.32744987,-158.0064776,0.97419,5.94764482656921,C99 ,4
911,301,21.38835178,-158.0714677,0.95278,6.15768937040774,C99 ,4
924,301,21.38285487,-158.0740103,0.94288,6.0937067848905,C99 ,4
963,301,21.37105227,-158.0635714,0.96599,6.18269210458235,C99 ,4
976,301,21.36659321,-158.0578129,0.9965,5.95503104221105,C99 ,4
978,301,21.36593558,-158.0694873,0.9997,6.39844854776159,C99 ,4
979,301,21.36520553,-158.052035,1.00121,5.9831775040593,C99 ,4
988,301,21.36120193,-158.0630554,0.9034,6.01257793799491,C99 ,4
991,301,21.35979165,-158.0532272,0.98725,6.14664716456158,C99 ,4
992,301,21.35952672,-158.022753,1.00321,6.05196427469551,C99 ,4
993,301,21.3594879,-158.0474426,0.99757,6.10485448655993,C99 ,4
994,301,21.35918396,-158.041658,0.98719,5.94040480819546,C99 ,4
995,301,21.35915084,-158.0358717,1.0127,6.09391066856339,C99 ,4
998,301,21.35776242,-158.0300943,1.00308,5.89010509511484,C99 ,4
1002,301,21.35578204,-158.0631863,0.97074,6.46075935951764,C99 ,4
1006,301,21.35411532,-158.0243319,0.98836,5.9415170909498,C99 ,4
1007,301,21.35408061,-158.049792,0.99388,6.22191873566505,C99 ,4
1008,301,21.35377675,-158.0440077,0.99092,6.20338865895142,C99 ,4
1009,301,21.35374372,-158.0382216,0.99466,6.07191240988974,C99 ,4
1011,301,21.35235539,-158.0324443,1.01541,6.19858055121643,C99 ,4
1020,301,21.34870837,-158.0266822,0.99492,5.98095263743147,C99 ,4
1021,301,21.34866183,-158.0501163,1.00244,6.27550632750035,C99 ,4
1022,301,21.34835799,-158.0443321,1.00219,6.27394138583196,C99 ,4
1023,301,21.34832498,-158.0385462,1.00031,6.10640243141892,C99 ,4
1025,301,21.34768101,-158.0209029,1.0032,6.17263549646194,C99 ,4
1028,301,21.34639462,-158.0327728,1.01051,6.16866858055874,C99 ,4
1034,301,21.34410115,-158.0584389,0.99739,6.42067018868737,C99 ,4
1039,301,21.34325556,-158.0526583,0.98239,6.32410819611754,C99 ,4
1041,301,21.34294416,-158.0455244,0.99319,6.22652500522664,C99 ,4
1042,301,21.34291009,-158.0395458,0.9978,6.07768891537388,C99 ,4
1056,301,21.33785575,-158.0563573,0.98948,6.3697500808128,C99 ,4
1057,301,21.33755215,-158.0505735,0.98732,6.1897247867736,C99 ,4
1058,301,21.33751936,-158.0447881,0.97353,6.10327219340833,C99 ,4
1059,301,21.33748417,-158.0386169,0.99172,6.04065526531805,C99 ,4
1070,301,21.33286852,-158.0061518,0.99829,6.22354134512964,C99 ,4
1074,301,21.33215725,-158.0551402,0.99379,6.31407872169218,C99 ,4
1075,301,21.33212463,-158.049355,0.99716,6.22545421821508,C99 ,4
1076,301,21.33209182,-158.0435697,0.99679,6.22314407853635,C99 ,4
1077,301,21.33195464,-158.0353745,1.00054,6.16047794143536,C99 ,4
1078,301,21.33088931,-157.9923767,1.0064,6.09241897784041,C99 ,4
1080,301,21.33037482,-158.0122433,1.0121,6.30963553975107,C99 ,4
1081,301,21.33030471,-158.0003837,1.01265,6.25212632632669,C99 ,4
1082,301,21.33033693,-158.0212108,1.01056,6.28462134234053,C99 ,4
1091,301,21.3275823,-158.0609548,0.99387,6.37839831150066,C99 ,4
1094,301,21.32651827,-157.9866213,0.97592,6.00691864280242,C99 ,4
1095,301,21.32548224,-157.9946312,0.98751,6.09714379602244,C99 ,4
1096,301,21.32497311,-158.0154612,0.98991,6.09645712972825,C99 ,4
1097,301,21.32488608,-158.0007097,0.98575,6.08627705973676,C99 ,4
1102,301,21.32006363,-157.9949574,1.02257,6.31361328314258,C99 ,4
714,302,21.44720962,-158.1656673,0.94175,5.99801440155613,C99 ,4
721,302,21.44392835,-158.1598959,1.02682,6.28438290260389,C99 ,4
732,302,21.44263441,-158.1541134,1.00473,6.0879921431764,C99 ,4
733,302,21.44260505,-158.1483236,1.02472,6.20911798428623,C99 ,4
737,302,21.44179102,-158.1660841,1.00049,6.12323706116182,C99 ,4
744,302,21.43850977,-158.1603129,1.00712,6.16381462903781,C99 ,4
758,302,21.43639445,-158.1709395,0.93698,5.82993761238732,C99 ,4
791,302,21.42608442,-158.1687785,1.04209,5.97857720627395,C99 ,4
796,302,21.42385544,-158.1747733,1.00388,5.75936233243114,C99 ,4
800,302,21.42171916,-158.1630141,1.00061,5.82367763935252,C99 ,4
822,302,21.41629959,-158.1632379,1.00944,5.6259586235166,C99 ,4
837,302,21.41352427,-158.1503254,1.02099,5.71519470728197,C99 ,4
840,302,21.41177832,-158.1445467,0.99388,6.0918407858563,C99 ,4
856,302,21.40811058,-158.1517073,0.99197,5.53314372704853,C99 ,4
858,302,21.40661655,-158.1600129,1.06086,5.71291301225351,C99 ,4
869,302,21.40269542,-158.1527998,0.99649,5.55835598621414,C99 ,4
887,302,21.39728462,-158.1547603,1.02638,5.68318871873131,C99 ,4
892,302,21.39495349,-158.1404965,0.90341,5.82371007525895,C99 ,4
908,302,21.39011977,-158.149303,1.01043,5.63374524580029,C99 ,4
910,302,21.38952208,-158.138406,0.98447,6.09227758725766,C99 ,4
950,302,21.37624871,-158.1398341,0.97155,5.99335263481443,C99 ,4
581,303,21.48017406,-158.200325,0.99625,5.72333874090456,C99 ,4
599,303,21.47508952,-158.2140588,0.98171,5.43511602577676,C99 ,4
610,303,21.47271329,-158.2082804,1.04884,5.80677312593338,C99 ,4
616,303,21.47114994,-158.2024977,0.97236,5.90132372712099,C99 ,4
640,303,21.46573674,-158.2040714,1.00188,6.08048296662628,C99 ,4
662,303,21.46032351,-158.205645,0.97983,5.96632981263067,C99 ,4
261,304,21.58045438,-158.1631678,0.98011,6.21756195191105,C99 ,4
262,304,21.58038983,-158.1504183,0.97682,5.97871954377097,C99 ,4
266,304,21.57960868,-158.1567012,0.99439,6.08625850986521,C99 ,4
292,304,21.57505717,-158.167835,0.99187,6.27694128346542,C99 ,4
293,304,21.57497187,-158.1509328,0.99722,5.95817101637485,C99 ,4
297,304,21.57421506,-158.1620446,1.00634,6.18511471719848,C99 ,4
317,304,21.57059524,-158.1789677,0.96309,6.16939605515734,C99 ,4
319,304,21.57013983,-158.1967417,0.90078,6.08885244028774,C99 ,4
320,304,21.5699311,-158.1909478,0.93598,6.00562479826114,C99 ,4
322,304,21.56957844,-158.1562763,1.03982,6.32083381454571,C99 ,4
342,304,21.56530299,-158.1505062,1.00451,6.10619273264007,C99 ,4
343,304,21.56518301,-158.1447121,1.00093,5.87631251196077,C99 ,4
351,304,21.56417606,-158.159881,0.99274,6.2273857934724,C99 ,4
356,304,21.56339887,-158.1670323,0.94924,6.09459044528735,C99 ,4
370,304,21.55990074,-158.154111,1.00566,6.34393902479366,C99 ,4
372,304,21.55966083,-158.1425232,1.00163,6.17121059289801,C99 ,4
373,304,21.55963092,-158.1367288,1.0284,6.08449411690592,C99 ,4
385,304,21.55725197,-158.1309484,1.00914,5.97054338141617,C99 ,4
394,304,21.55438653,-158.153467,0.94474,5.95964102741591,C99 ,4
408,304,21.55185416,-158.1353263,0.99929,5.91226603533364,C99 ,4
418,304,21.54828812,-158.1271391,0.99698,6.00589457100255,C99 ,4
425,304,21.54645073,-158.1386416,0.98175,6.38048868372355,C99 ,4
433,304,21.54445067,-158.1189539,1.03816,6.25396621579749,C99 ,4
108,305,21.65190813,-158.0604179,0.92937,6.49618645750897,C99 ,4
139,305,21.63209039,-158.0705949,0.94168,6.30348877204821,C99 ,4
150,305,21.62256937,-158.0805107,1.01072,5.96677346938751,C99 ,4
153,305,21.62127033,-158.0743355,1.01646,6.35960864269918,C99 ,4
160,305,21.61714908,-158.080545,1.00003,5.90366533726056,C99 ,4
162,305,21.6158522,-158.0747564,1.01353,6.34127719665598,C99 ,4
166,305,21.61314912,-158.0924534,1.02328,5.85128829174416,C99 ,4
168,305,21.61221401,-158.0866626,0.98463,5.86006404284678,C99 ,4
170,305,21.61118836,-158.0808725,1.01423,6.03622975154209,C99 ,4
172,305,21.61043353,-158.0750807,0.98295,6.32754052129039,C99 ,4
182,305,21.60679424,-158.0867933,0.99348,5.91273539245716,C99 ,4
184,305,21.6057686,-158.0810034,1.00816,6.00010380123322,C99 ,4
186,305,21.60501378,-158.0752118,1.01001,6.42455269944906,C99 ,4
197,305,21.60137393,-158.0868273,1.00343,5.89778828709584,C99 ,4
201,305,21.6003483,-158.0810376,1.00235,5.89144023014526,C99 ,4
202,305,21.59959349,-158.0752462,0.9997,6.35897206077441,C99 ,4
217,305,21.59495035,-158.0851288,1.07112,6.18360640439241,C99 ,4
219,305,21.59419568,-158.0793377,1.00709,6.28140597868366,C99 ,4
226,305,21.59033696,-158.0677706,0.95767,6.37350974376859,C99 ,4
235,305,21.58586957,-158.0766857,0.98876,6.17099208102085,C99 ,4
246,305,21.58310111,-158.0824987,1.03564,6.0459809118633,C99 ,4
255,305,21.58044926,-158.0767201,0.98138,6.12493239136517,C99 ,4
265,305,21.57951365,-158.0709307,1.01871,6.35791443924921,C99 ,4
290,305,21.57493861,-158.076755,0.98708,6.13246204326591,C99 ,4
295,305,21.57409335,-158.0709653,1.04572,6.49677658828321,C99 ,4
324,305,21.56867304,-158.0709998,0.99522,6.07988631892805,C99 ,4
338,305,21.56624592,-158.0895585,1.04597,6.20192321017385,C99 ,4
354,305,21.56325273,-158.0710343,1.05379,6.43769538615407,C99 ,4
361,305,21.56220729,-158.0779945,1.01761,6.21666847842432,C99 ,4
367,305,21.56082821,-158.0900753,1.01377,6.0109982277809,C99 ,4
380,305,21.55783888,-158.0722277,1.01262,6.15679407844594,C99 ,4
387,305,21.55645145,-158.0664422,1.02393,6.36101367308962,C99 ,4
388,305,21.5559672,-158.0606509,1.01705,6.52863963074707,C99 ,4
393,305,21.55404548,-158.04048,0.93073,6.50160925315053,C99 ,4
397,305,21.55358102,-158.0864508,1.01872,6.04739855704647,C99 ,4
403,305,21.55241856,-158.0722622,1.03568,6.29700085886309,C99 ,4
410,305,21.5505762,-158.0659004,0.9963,6.09432915190292,C99 ,4
411,305,21.5507092,-158.1066518,1.05374,6.00427610632092,C99 ,4
412,305,21.55049737,-158.1008589,1.09795,6.25618718630336,C99 ,4
419,305,21.54756247,-158.0601256,0.97741,6.11675499824869,C99 ,4
421,305,21.54707802,-158.0543348,0.99315,6.21525775931344,C99 ,4
422,305,21.54701272,-158.0749039,1.01547,6.10978345074544,C99 ,4
426,305,21.5459724,-158.0828289,1.03333,6.06053629236757,C99 ,4
428,305,21.5451737,-158.0691216,0.99473,6.08472560519056,C99 ,4
431,305,21.54519111,-158.0886277,1.03205,6.05302931069546,C99 ,4
432,305,21.54507961,-158.1013751,1.10161,6.27704188565274,C99 ,4
435,305,21.54325086,-158.0485657,0.97147,6.27794933151088,C99 ,4
436,305,21.5432177,-158.0427721,1.017,6.57217848048504,C99 ,4
441,305,21.54160416,-158.0770625,1.0492,6.17622213364174,C99 ,4
443,305,21.54074522,-158.0369946,1.02129,6.58944695402485,C99 ,4
445,305,21.53976522,-158.0712804,1.06944,6.29536663961877,C99 ,4
446,305,21.53953728,-158.031209,1.00035,6.55353883875902,C99 ,4
453,305,21.53784871,-158.0517874,1.01498,6.17930885546871,C99 ,4
454,305,21.53781567,-158.045994,0.99535,6.25055046845185,C99 ,4
460,305,21.53534331,-158.0402167,0.97159,6.26877870123427,C99 ,4
463,305,21.53471564,-158.0254475,1.0101,6.61741354476492,C99 ,4
464,305,21.53413549,-158.0344312,1.01371,6.54054067161731,C99 ,4
477,305,21.52993524,-158.0423764,1.02066,6.21354522544685,C99 ,4
479,305,21.52931396,-158.0286698,0.98713,6.33225543113282,C99 ,4
480,305,21.52872749,-158.0365911,0.99682,6.25500536772537,C99 ,4
488,305,21.5260655,-158.013919,0.98571,6.44545207608693,C99 ,4
490,305,21.52627388,-158.0986908,1.0877,6.17003048665149,C99 ,4
491,305,21.52530527,-158.0229034,1.02209,6.55651715360293,C99 ,4
495,305,21.52390604,-158.0308299,0.9926,6.21473716970616,C99 ,4
501,305,21.52154273,-158.0925407,1.14237,6.25977816907846,C99 ,4
506,305,21.51850032,-158.033376,1.02934,6.24998565829315,C99 ,4
519,305,21.51307612,-158.032736,1.0178,6.06001279774562,C99 ,4
521,305,21.51208424,-158.0175854,1.01098,6.40209017643375,C99 ,4
161,306,21.61562493,-157.9173793,0.9188,6.10277015167236,C99 ,4
171,306,21.61018665,-157.9146182,0.95982,5.93182356754548,C99 ,4
177,306,21.60669449,-157.9055637,0.96256,6.09714182933756,C99 ,4
196,306,21.6010556,-157.8998101,1.04623,6.21394013159735,C99 ,4
210,306,21.59563879,-157.9003341,1.07341,6.09969382172105,C99 ,4
218,306,21.5931614,-157.8945572,1.0205,5.89419406948622,C99 ,4
230,306,21.58771442,-157.8905418,1.08134,6.24559323655121,C99 ,4
368,306,21.55942872,-157.8622688,0.99823,5.90551287987908,C99 ,4
376,306,21.55731142,-157.8564912,1.00563,6.06042809101612,C99 ,4
469,306,21.53191075,-157.8541798,0.99798,6.26351991916611,C99 ,4
484,306,21.52651792,-157.8581806,1.00579,6.31253700068062,C99 ,4
552,307,21.48921204,-157.9996884,0.99164,6.31145653408403,C99 ,4
590,307,21.47716559,-157.9795983,1.01932,6.43566267783943,C99 ,4
592,307,21.47686118,-158.0829728,1.0198,6.14364248902163,C99 ,4
593,307,21.47613501,-158.0034455,1.04381,6.17438718604371,C99 ,4
608,307,21.47177064,-157.983786,0.96382,6.08525311835603,C99 ,4
609,307,21.47172827,-157.9768372,0.96367,6.0843062896555,C99 ,4
614,307,21.47127808,-158.0862893,0.94079,6.2099499834495,C99 ,4
631,307,21.46635041,-157.9838236,1.0116,6.34241353334987,C99 ,4
632,307,21.46630982,-157.9771646,0.95392,5.98077802894135,C99 ,4
657,307,21.46095767,-157.9883969,1.01956,6.04657802277665,C99 ,4
677,307,21.45525356,-157.9863132,1.04334,6.1876070518191,C99 ,4
678,307,21.45520013,-157.9775316,0.99058,6.39399172435483,C99 ,4
685,307,21.45357561,-157.992694,1.00836,5.98015585712531,C99 ,4
700,307,21.44983682,-157.9869296,1.01182,6.07203611662052,C99 ,4
701,307,21.4497675,-157.975543,0.99901,6.36573224087665,C99 ,4
740,307,21.43897585,-157.9836273,0.97778,6.22573650200166,C99 ,4
742,307,21.43776386,-157.9774602,1.017,6.47545856214988,C99 ,4
748,307,21.43734552,-157.9979195,1.03552,5.96169283888925,C99 ,4
753,307,21.4365469,-157.9705213,0.97882,6.36544244579471,C99 ,4
755,307,21.43630833,-157.9906897,1.02729,6.17869712417793,C99 ,4
762,307,21.43430242,-157.9581863,0.94619,6.00667000981366,C99 ,4
769,307,21.43111836,-157.9692085,0.98705,6.30802926436624,C99 ,4
772,307,21.43086243,-157.9864817,1.04488,6.35912236567065,C99 ,4
785,307,21.42572242,-157.9732023,1.04827,6.42618062891783,C99 ,4
789,307,21.42546431,-157.9901853,1.03031,6.16003140925213,C99 ,4
804,307,21.42031045,-157.9745908,0.99795,6.11770550468049,C99 ,4
805,307,21.42026601,-157.9673551,0.98759,6.05419587057697,C99 ,4
809,307,21.42003589,-157.9888719,1.00503,6.00888701358609,C99 ,4
905,307,21.3901234,-157.9578242,1.02461,5.87305572962094,C99 ,4
919,307,21.38432522,-157.9407924,1.00286,5.94998798470195,C99 ,4
757,308,21.43472634,-157.8438441,0.91644,6.22188312283599,C99 ,4
890,308,21.39316228,-157.7914078,0.99162,6.02238004252389,C99 ,4
922,308,21.38146506,-157.7484869,0.99933,6.06061908167927,C99 ,4
926,308,21.3804385,-157.7684607,1.08483,6.07745229235412,C99 ,4
941,308,21.37548091,-157.745548,1.02655,6.22570016417471,C99 ,4
958,308,21.37007907,-157.7480051,0.99339,6.26125972490372,C99 ,4
959,308,21.37003147,-157.7416403,1.01563,6.24805596051249,C99 ,4
975,308,21.36460078,-157.7402401,0.98256,6.0446124022773,C99 ,4
999,308,21.3557164,-157.7241154,0.95839,6.19470184580225,C99 ,4
1015,308,21.34909329,-157.7322727,1.0118,5.9074463628545,C99 ,4
1026,308,21.34556788,-157.7200569,0.97767,5.92086615906735,C99 ,4
1043,308,21.34064588,-157.7143143,0.96352,6.22524678461318,C99 ,4
1044,308,21.34015321,-157.7207789,1.01347,6.1376747346504,C99 ,4
1108,309,21.30401531,-157.6967996,0.79209,6.22834323067176,C99 ,4
83,401,21.66270521,-158.0527132,0.95024,7.18335873595657,C99 ,4
95,401,21.65731577,-158.0581602,0.98345,6.87419933806196,C99 ,4
112,401,21.65066774,-158.0488297,0.95273,7.24536140365089,C99 ,4
118,401,21.64646159,-158.0558148,1.02807,6.79997674762741,C99 ,4
120,401,21.64525416,-158.0500248,0.97887,7.22174268462549,C99 ,4
128,401,21.64105397,-158.0580724,1.05613,6.9855748965667,C99 ,4
130,401,21.63984662,-158.0522826,1.05113,7.07913904934374,C99 ,4
134,401,21.63693611,-158.0647663,1.04712,6.64924447081993,C99 ,4
138,401,21.63445496,-158.0573422,1.04572,7.04270333740682,C99 ,4
140,401,21.63151585,-158.0648012,1.05611,7.06946901415975,C99 ,4
141,401,21.63044714,-158.0515709,1.00425,7.35070118067019,C99 ,4
143,401,21.62904402,-158.0590199,1.00571,7.21889095851617,C99 ,4
145,401,21.62610699,-158.066865,1.00315,6.71496111313386,C99 ,4
147,401,21.62476305,-158.0528641,1.00254,7.1961369027587,C99 ,4
149,401,21.62363524,-158.0610839,0.9527,6.83839030193341,C99 ,4
154,401,21.62069593,-158.0685422,1.02224,7.12165243781651,C99 ,4
157,401,21.61822425,-158.0627612,1.03401,7.20365071416282,C99 ,4
163,401,21.61517737,-158.0511875,0.9985,7.53742669996875,C96 ,3
167,401,21.61301938,-158.0689778,1.02378,7.15424680533172,C99 ,4
173,401,21.60972507,-158.0456198,1.01692,7.56626936610121,C96 ,3
179,401,21.60760072,-158.0693023,0.99126,6.92699477240287,C99 ,4
180,401,21.6075682,-158.0635062,0.9943,6.94823861641515,C99 ,4
181,401,21.60741165,-158.0518178,0.98223,7.19361280236772,C99 ,4
183,401,21.60654175,-158.0577164,0.97758,7.15955736272367,C99 ,4
187,401,21.60429596,-158.0441098,1.01392,7.5473066198589,C96 ,3
194,401,21.60218098,-158.0694336,0.98255,6.70230896394518,C99 ,4
195,401,21.60205813,-158.0636382,1.01925,6.95265225888681,C99 ,4
199,401,21.60111876,-158.0572685,0.97253,6.97872147059456,C99 ,4
200,401,21.60090514,-158.0514738,0.98791,7.35369639267072,C99 ,4
204,401,21.59868226,-158.0419248,0.95987,7.37686196668434,C99 ,4
209,401,21.5966655,-158.0685995,0.98427,6.71404134220797,C99 ,4
214,401,21.59572958,-158.0628095,1.04673,6.96622458959871,C99 ,4
215,401,21.59551617,-158.057015,1.06399,7.38038495152159,C99 ,4
216,401,21.59484316,-158.0498711,1.01789,7.23800632819479,C99 ,4
220,401,21.59289566,-158.0410935,0.99895,7.42325429413493,C99 ,4
224,401,21.5912727,-158.0735604,1.04091,6.49234776013534,C99 ,4
227,401,21.59011883,-158.0611069,0.95116,6.59773782616489,C99 ,4
228,401,21.58945368,-158.0553156,1.01039,7.00858794853798,C99 ,4
232,401,21.58747263,-158.0406463,0.94312,7.00837837516874,C99 ,4
238,401,21.58493395,-158.0708961,1.03432,6.85363782609261,C99 ,4
239,401,21.58472083,-158.065102,1.0126,6.70971585712933,C99 ,4
240,401,21.58405583,-158.0593108,1.02275,6.98968111237233,C99 ,4
242,401,21.58348096,-158.0535191,0.98524,6.73332990634536,C99 ,4
248,401,21.58115679,-158.0420401,1.04357,7.53498464173349,C96 ,3
267,401,21.57866763,-158.0650443,1.0143,6.72098073197849,C99 ,4
270,401,21.57809297,-158.0592527,1.03634,7.10117604823871,C99 ,4
271,401,21.57806014,-158.0534577,1.06136,7.27261732026724,C99 ,4
277,401,21.57576866,-158.0476775,0.99928,7.06597341373189,C99 ,4
301,401,21.57324788,-158.0651756,0.99526,6.54086008785242,C99 ,4
303,401,21.57267323,-158.0593843,0.97459,6.67805468808474,C99 ,4
304,401,21.57264041,-158.0535895,1.00832,6.90917812594936,C99 ,4
310,401,21.57042879,-158.0303277,0.97174,7.32479623427238,C99 ,4
312,401,21.57034342,-158.0468437,1.02001,7.21255671977827,C99 ,4
331,401,21.56782759,-158.0652104,1.07748,6.9071418542527,C99 ,4
334,401,21.56725295,-158.0594193,1.01455,6.81455859230263,C99 ,4
335,401,21.56676844,-158.0536276,1.015,6.81758126289644,C99 ,4
341,401,21.56503713,-158.035289,1.03241,7.54401241041587,C96 ,3
349,401,21.56375428,-158.0478526,1.00237,7.03598368332483,C99 ,4
359,401,21.56245634,-158.0420664,1.01368,7.11537237683497,C99 ,4
362,401,21.56184463,-158.0615788,1.03282,6.62085089899134,C99 ,4
363,401,21.56136021,-158.0557874,0.98931,6.6450262024771,C99 ,4
366,401,21.56056916,-158.0128167,1.02708,7.50737946214323,C96 ,3
369,401,21.55944179,-158.0362918,1.06004,7.40490364107166,C99 ,4
377,401,21.55834392,-158.0496262,1.03089,6.92883319433182,C99 ,4
381,401,21.5575111,-158.0305102,0.99705,7.15204072771853,C99 ,4
382,401,21.5574773,-158.0247161,1.02146,7.32713907371359,C99 ,4
384,401,21.55708194,-158.0189244,1.00345,7.31028194030568,C99 ,4
392,401,21.55433705,-158.013052,1.00003,7.30965899464764,C99 ,4
396,401,21.55348731,-158.0068773,0.96259,7.03599313135241,C99 ,4
400,401,21.55295329,-158.0548761,1.04749,6.72403966783764,C99 ,4
401,401,21.55246865,-158.0490851,1.04395,7.01661208552439,C99 ,4
404,401,21.55211494,-158.0346985,1.00503,7.02063185584719,C99 ,4
406,401,21.55166568,-158.0196368,0.98998,6.90928607963185,C99 ,4
407,401,21.55153927,-158.0289082,1.03314,7.00025255539838,C99 ,4
413,401,21.5486413,-158.043316,1.04309,6.74078055868682,C99 ,4
416,401,21.54808605,-158.0101008,1.00196,7.19363390016966,C99 ,4
423,401,21.54624942,-158.0203491,1.00938,7.04468291088925,C99 ,4
424,401,21.54614874,-158.034062,1.05515,7.00854951192697,C99 ,4
427,401,21.54551231,-158.0026828,1.01724,7.36930818226387,C99 ,4
429,401,21.54493055,-158.0265381,1.01935,6.90681629850475,C99 ,4
442,401,21.54124217,-158.0138165,1.00928,6.77915435446944,C99 ,4
444,401,21.54010874,-158.0207766,0.99751,6.70009768431827,C99 ,4
449,401,21.53906132,-157.996547,1.06425,7.6343541107766,C96 ,3
455,401,21.53759432,-158.0080476,1.03062,7.22627436148994,C99 ,4
461,401,21.53491856,-158.0138592,1.01366,6.80857395392626,C99 ,4
465,401,21.53367528,-158.0022808,1.00946,7.08723948411117,C99 ,4
466,401,21.53357102,-157.984998,1.01746,7.39403601924388,C99 ,4
473,401,21.53217409,-158.0080844,1.02615,6.96670309861895,C99 ,4
474,401,21.53070684,-158.019681,1.02171,6.68085230261638,C99 ,4
476,401,21.52984348,-157.996031,1.0796,7.57968001588805,C96 ,3
481,401,21.52818071,-157.9899597,0.98645,7.1686818498865,C99 ,4
489,401,21.52602427,-158.0069676,0.98445,6.68359481713684,C99 ,4
502,401,21.51988332,-158.02265,1.02844,6.72396218498962,C99 ,4
504,401,21.51898715,-158.0085601,0.99481,6.80540765194087,C99 ,4
508,401,21.51748572,-158.0143631,1.02182,6.68068016204954,C99 ,4
516,401,21.51356691,-158.0085969,0.99535,6.62080196650487,C99 ,4
531,401,21.50722837,-158.0061299,1.03363,6.87543035419025,C99 ,4
81,402,21.6629998,-157.9658298,0.93996,7.13603794893332,C99 ,4
93,402,21.65826774,-157.931847,1.00806,7.23663470703842,C99 ,4
101,402,21.65507963,-157.956126,0.982,6.97883795462107,C99 ,4
105,402,21.65372774,-157.9711142,1.01733,7.53041892905999,C96 ,3
106,402,21.6528558,-157.933143,0.9804,7.03807015889789,C99 ,4
107,402,21.65143095,-157.9649459,0.99101,7.04286997901285,C99 ,4
113,402,21.64983885,-157.9416688,0.98749,6.72479572717816,C99 ,4
114,402,21.64901081,-157.9535606,1.0008,6.87400198810234,C99 ,4
115,402,21.64745313,-157.9358884,0.97587,6.65455602007169,C99 ,4
116,402,21.64641973,-157.9297117,1.02002,6.9556192871917,C99 ,4
121,402,21.64442864,-157.9432543,0.96989,6.60493992612095,C99 ,4
124,402,21.6420368,-157.9365079,1.01659,6.92296640320379,C99 ,4
127,402,21.6409941,-157.928882,0.98756,6.63020440952991,C99 ,4
129,402,21.63951129,-157.9230955,1.02838,6.9969562469785,C99 ,4
132,402,21.63886775,-157.9495754,1.01311,6.86090037061222,C99 ,4
135,402,21.63559273,-157.9318205,0.97403,6.53936803100543,C99 ,4
136,402,21.63440278,-157.9435205,1.03443,7.00477160587295,C99 ,4
137,402,21.63411003,-157.9260342,0.98507,6.70228065224683,C99 ,4
142,402,21.62867751,-157.924142,1.0173,6.81398349292186,C99 ,4
148,402,21.62324497,-157.9222499,1.00025,6.69978059494823,C99 ,4
152,402,21.62103929,-157.9164695,1.0034,6.57696374215617,C99 ,4
253,403,21.58141132,-158.173884,0.98902,6.475906037968,C99 ,4
257,403,21.58100911,-158.2025739,0.97681,6.56333596702636,C99 ,4
258,403,21.58098126,-158.1967785,0.99059,6.65592588092902,C99 ,4
259,403,21.58095321,-158.1909832,0.98252,6.43591817438592,C99 ,4
260,403,21.58074427,-158.1851889,0.98603,6.57025272742074,C99 ,4
283,403,21.57601808,-158.1794201,1.01011,6.47059855415544,C99 ,4
284,403,21.57598943,-158.1736249,1.01608,6.43015186129264,C99 ,4
287,403,21.57561397,-158.2079158,0.91134,6.60126336003839,C99 ,4
288,403,21.57558631,-158.2021206,1.03546,6.99922618745137,C99 ,4
289,403,21.57555845,-158.1963255,1.03419,6.99064200957477,C99 ,4
291,403,21.5753497,-158.1905314,1.0344,6.63712692916618,C99 ,4
316,403,21.5706237,-158.1847626,0.98581,6.31493650286425,C99 ,4
321,403,21.56966317,-158.1731779,1.03008,6.51874895293794,C99 ,4
327,403,21.56882125,-158.1673877,0.99312,6.37632165866875,C99 ,4
346,403,21.56520323,-158.1847929,0.97417,6.34134668090312,C99 ,4
347,403,21.56517478,-158.1789982,1.03015,6.7057479137221,C99 ,4
350,403,21.56424272,-158.1732086,1.0352,6.64649597547245,C99 ,4
371,403,21.55978089,-158.1483171,1.04292,6.57898342187699,C99 ,4
438,403,21.54288436,-158.1303581,1.11056,6.96389364517845,C99 ,4
893,404,21.39400602,-158.0810786,1.00053,7.31495647447849,C99 ,4
943,404,21.37735048,-158.0752024,0.9997,6.84547212853691,C99 ,4
957,404,21.37225888,-158.0693509,1.03765,6.64134240153382,C99 ,4
987,404,21.36174908,-158.0803155,0.93732,6.93590723314716,C99 ,4
990,404,21.36051995,-158.0703895,1.05546,7.02461295143854,C99 ,4
1001,404,21.35631699,-158.0782277,0.94785,7.01382626754406,C99 ,4
1017,404,21.35037718,-158.0660173,0.98047,6.57104449090325,C99 ,4
1032,404,21.3451163,-158.078587,0.98798,6.98895954079773,C99 ,4
1033,404,21.34425647,-158.0701063,1.00358,6.6328771767167,C99 ,4
1052,404,21.33968578,-158.0767888,1.0132,7.16736579722926,C99 ,4
1067,404,21.33427642,-158.0788476,0.9902,6.84898208033054,C99 ,4
1068,404,21.33424355,-158.0728694,1.00457,6.94837618632029,C99 ,4
1086,404,21.32881564,-158.0715535,1.01463,7.01795852776384,C99 ,4
1098,404,21.32500024,-158.0842086,0.99984,7.00516334416942,C99 ,4
1099,404,21.32352317,-158.0784326,1.00769,6.80139579470543,C99 ,4
1100,404,21.32340102,-158.0726482,0.98365,6.63913850860167,C99 ,4
1103,404,21.31960123,-158.0881953,1.00742,7.05827043545753,C99 ,4
1104,404,21.31395185,-158.1130085,0.99409,7.00538677321658,C99 ,4
1105,404,21.31367202,-158.0944023,0.99584,6.87813993853912,C99 ,4
1106,404,21.31344697,-158.1029845,0.99185,6.92270419523935,C99 ,4
567,405,21.48391902,-157.9759799,1.01813,6.70746539753632,C99 ,4
588,405,21.47802046,-157.9716778,0.99229,6.62807954375229,C99 ,4
598,405,21.47409728,-157.9654318,0.98077,6.55113060642127,C99 ,4
623,405,21.46804234,-157.9650885,0.96294,7.03288660988354,C99 ,4
629,405,21.46655441,-157.9582467,0.9673,7.06473026182749,C99 ,4
656,405,21.46102942,-157.9705424,1.00724,7.03334286093977,C99 ,4
658,405,21.46063979,-157.9806785,1.04068,6.7173771708796,C99 ,4
679,405,21.45441937,-157.9680798,0.99806,6.96924039540575,C99 ,4
708,405,21.44747353,-157.9697691,1.00588,6.77008830432853,C99 ,4
718,405,21.44438789,-157.9822389,1.02352,6.51697301832179,C99 ,4
719,405,21.4432235,-157.9545526,1.05215,7.25859685432263,C99 ,4
720,405,21.44317702,-157.9762645,1.03093,6.56415440662642,C99 ,4
727,405,21.442285,-157.9634369,1.03041,6.87652160962844,C99 ,4
729,405,21.44205746,-157.9704826,1.00715,6.54967770865803,C99 ,4
746,405,21.43715587,-157.9521836,0.98082,6.76650372747548,C99 ,4
749,405,21.43687255,-157.9647295,1.00526,6.70868072166319,C99 ,4
882,405,21.39745688,-157.945907,1.02017,6.59055272479849,C99 ,4
934,405,21.37913895,-157.9068784,0.93487,7.09772909924938,C99 ,4
853,406,21.40683541,-157.821297,1.0329,7.08831013243593,C99 ,4
956,406,21.37066411,-157.7537867,1.04216,6.56865329085011,C99 ,4
986,406,21.35995041,-157.7344937,1.05077,6.48676432213396,C99 ,4
1024,406,21.346045,-157.7115673,1.01229,6.54034699695979,C99 ,4
1037,406,21.34139371,-157.7058226,1.03325,6.67576816991716,C99 ,4
1053,406,21.3359947,-157.7085697,1.03027,6.74195064396529,C99 ,4
1054,406,21.33595014,-157.7027849,0.98647,6.71187536819845,C99 ,4
1060,406,21.33523124,-157.7150364,1.01529,6.64392377671264,C99 ,4
1061,406,21.33476197,-157.724586,1.05689,6.94948325923492,C99 ,4
1063,406,21.33408313,-157.7303769,1.0359,6.63628179092951,C99 ,4
1065,406,21.33290261,-157.7415715,1.01143,6.45329377534207,C99 ,4
1069,406,21.33175024,-157.6970369,1.04613,7.11779770613518,C99 ,4
1071,406,21.33058009,-157.709292,1.01511,6.64274584076623,C99 ,4
1072,406,21.33053557,-157.7035075,0.95648,6.50782571214294,C99 ,4
1087,406,21.32606471,-157.697762,1.05044,7.54733821757077,C96 ,3
1092,406,21.32516621,-157.7101106,0.96876,6.81223420302073,C99 ,4
1093,406,21.32476041,-157.7043295,0.9674,6.9507020127599,C99 ,4
806,407,21.42087319,-158.1387047,1.03158,6.34473612374463,C99 ,4
818,407,21.41719884,-158.1445152,1.00882,6.18341382074213,C99 ,4
859,407,21.40636469,-158.1459289,1.03824,6.61973585687472,C99 ,4
872,407,21.40094957,-158.1470215,1.01211,6.4531332936335,C99 ,4
889,407,21.39552511,-158.1462812,1.02726,6.62209183445928,C99 ,4
534,408,21.50652696,-158.2135038,0.97955,6.62078437674578,C99 ,4
551,408,21.49060262,-158.1896495,0.94638,6.71810401113924,C99 ,4
564,408,21.4855733,-158.1958552,1.0544,6.83583663664062,C99 ,4
566,408,21.48518349,-158.1899691,0.98114,6.5202891889805,C99 ,4
579,408,21.4804887,-158.2094931,1.01951,6.42676299190887,C99 ,4
585,408,21.47976904,-158.1912539,0.96269,6.55742778756044,C99 ,4
584,409,21.47969009,-158.1569883,0.9579,6.87234583485581,C99 ,4
613,409,21.47179618,-158.1502774,0.95324,6.83891310718852,C99 ,4
637,409,21.46640793,-158.1566786,0.97094,6.82165767923354,C99 ,4
639,409,21.46556555,-158.1508926,0.9193,6.45884408969118,C99 ,4
650,409,21.46346009,-158.163355,0.96891,6.73660003395247,C99 ,4
660,409,21.46064758,-158.1978257,0.98102,6.31254983127518,C99 ,4
661,409,21.46014065,-158.1500554,1.00008,6.88463923227886,C99 ,4
672,409,21.45805019,-158.1655091,1.02438,6.78817427573353,C99 ,4
673,409,21.4580212,-158.1597187,0.96453,6.39157136866455,C99 ,4
675,409,21.45744705,-158.1713996,1.00326,6.92594668353584,C99 ,4
681,409,21.45523071,-158.1986274,1.03406,6.65384545081244,C99 ,4
683,409,21.45473972,-158.153947,0.94661,6.5165469096001,C99 ,4
691,409,21.45326686,-158.1848377,1.00567,6.55000098555094,C99 ,4
696,409,21.45261327,-158.1622588,1.03289,6.5784857275429,C99 ,4
698,409,21.45202652,-158.1714302,1.01457,6.62359706173803,C99 ,4
702,409,21.44998623,-158.1790656,1.00679,6.55729621625006,C99 ,4
703,409,21.44933188,-158.1564873,0.99661,6.36087630143601,C99 ,4
711,409,21.44803781,-158.1507046,0.99975,6.38091759835877,C99 ,4
736,409,21.44200045,-158.1718728,1.02426,6.3729984611052,C99 ,4
776,409,21.43035915,-158.1745438,1.07361,6.46035882389123,C99 ,4
1107,410,21.30942164,-157.6950167,0.84147,6.64090773820745,C99 ,4
1,501,21.70957844,-157.9745845,0.99477,8.20088043668453,C96 ,3
2,501,21.70845122,-157.9676321,1.00489,8.28430947656728,C96 ,3
3,501,21.70828769,-157.9850342,0.99173,8.50897318278335,C93 ,2
4,501,21.70415659,-157.9743329,1.02524,8.4520746361629,C96 ,3
5,501,21.70303659,-157.9685408,1.01476,8.31930395252017,C96 ,3
6,501,21.70254873,-157.9627442,1.01991,8.27713754383284,C96 ,3
7,501,21.69874011,-157.9749513,0.99643,8.36624729505757,C96 ,3
8,501,21.69828416,-157.988971,0.99605,8.55811526575642,C93 ,2
9,501,21.69762014,-157.9691593,0.98867,8.10541017338926,C96 ,3
10,501,21.69718264,-157.9569828,0.98914,8.02742182399875,C96 ,3
11,501,21.69713231,-157.963363,0.99592,8.08244553247592,C96 ,3
12,501,21.69705532,-157.9948761,0.99381,8.63313608024417,C93 ,2
13,501,21.69656,-158.0026127,1.01455,8.81330231560341,C93 ,2
14,501,21.69635166,-157.9831846,0.99934,8.39068045158906,C96 ,3
15,501,21.69563682,-158.0144121,1.01015,9.10580812824735,C93 ,2
16,501,21.69533067,-158.0085177,0.97946,8.54119891859591,C93 ,2
17,501,21.69333496,-157.9774061,0.98909,8.30469476652102,C96 ,3
18,501,21.69221508,-157.9716143,0.99906,8.13642923850218,C96 ,3
19,501,21.69208736,-157.9512198,1.00542,8.00079111039479,C96 ,3
20,501,21.69241967,-158.0203304,1.00093,9.15693440874278,C93 ,2
21,501,21.69176625,-157.9576017,1.01376,8.11753455181196,C96 ,3
22,501,21.69172735,-157.9658181,1.00589,8.19205363234102,C96 ,3
23,501,21.69164692,-157.9968469,0.99395,8.83134573246354,C93 ,2
24,501,21.69114046,-158.0027467,1.00708,8.94800665355774,C93 ,2
25,501,21.69095465,-157.9869923,1.04955,9.04017952033155,C93 ,2
26,501,21.69021726,-158.0145456,0.9972,9.12281132901042,C93 ,2
27,501,21.68791846,-157.9780243,1.01176,8.49503860213848,C96 ,3
28,501,21.68793817,-158.0263536,1.00184,9.15913942165934,C93 ,2
29,501,21.68679861,-157.9722327,0.99654,8.11590642563071,C96 ,3
30,501,21.68665204,-157.9488427,1.00028,7.95988915625211,C96 ,3
31,501,21.68700067,-158.0205603,0.97424,8.91276338629126,C93 ,2
32,501,21.68636137,-157.960057,0.98243,7.86666424772407,C96 ,3
33,501,21.68631091,-157.9664368,0.95843,7.80553520447415,C96 ,3
34,501,21.68622622,-157.9967877,1.03739,9.21731436037961,C93 ,2
35,501,21.6858466,-158.0087759,1.06502,9.68700947123123,C93 ,2
36,501,21.68553042,-157.9863536,0.97824,8.35292079614376,C96 ,3
37,501,21.68281088,-158.0147893,0.94971,8.93423236981867,C93 ,2
38,501,21.68251384,-157.9805754,0.99679,8.10419201965894,C96 ,3
39,501,21.68253443,-158.0291929,0.98555,9.02098609066266,C93 ,2
40,501,21.68146617,-157.9430812,1.00833,7.86138261784746,C96 ,3
41,501,21.68139409,-157.974784,0.97128,7.69393053621553,C96 ,3
42,501,21.68126621,-157.9542944,0.99338,7.76804492291534,C96 ,3
43,501,21.68159135,-158.0224333,1.02398,9.63291462128867,C93 ,2
44,501,21.68094495,-157.9606758,0.98978,7.80052015211262,C96 ,3
45,501,21.68090648,-157.9689883,1.01465,8.03748320875374,C96 ,3
46,501,21.68082245,-157.9995315,0.94816,8.57649607644779,C93 ,2
47,501,21.68042069,-158.0078465,1.06118,9.90523597935611,C93 ,2
48,501,21.6801233,-157.9885178,1.02781,8.77618500978227,C93 ,2
49,501,21.6785974,-158.035695,0.99629,8.82870069395358,C93 ,2
50,501,21.6770979,-157.9812901,0.98008,7.96833500425925,C96 ,3
51,501,21.67704028,-158.0166649,1.08435,10.2008346381644,C89 ,1
52,501,21.67604122,-157.9423475,1.02287,7.83630416998568,C96 ,3
53,501,21.67597818,-157.9754989,0.97436,7.87152208498014,C96 ,3
54,501,21.67618881,-158.025466,1.04466,9.60222847054585,C93 ,2
55,501,21.67552792,-157.9611979,0.99823,7.6993860358825,C96 ,3
56,501,21.675478,-157.9676738,0.98035,7.62876059368127,C96 ,3
57,501,21.67538073,-157.995993,0.97677,8.93972516387388,C93 ,2
58,501,21.67497565,-158.0037278,1.05857,9.91001493784965,C93 ,2
59,501,21.6738234,-157.9487425,1.00191,7.73205545947051,C96 ,3
60,501,21.67371363,-157.9892391,0.979,8.3936045707925,C96 ,3
61,501,21.67320802,-158.0410466,0.94231,8.11589746837064,C96 ,3
62,501,21.6731581,-158.0324451,1.07352,9.24597852781153,C93 ,2
63,501,21.67241712,-157.9549381,0.99797,7.70164934070879,C96 ,3
64,501,21.67169084,-157.9834543,1.04184,8.41666973544207,C96 ,3
65,501,21.67162986,-158.0183446,1.03326,9.74181465553931,C93 ,2
66,501,21.67132445,-158.0125478,1.00862,9.44239799161745,C93 ,2
67,501,21.67062488,-157.9429669,0.98167,7.52066762929522,C96 ,3
68,501,21.67005372,-157.9670359,0.96944,7.54386230338173,C96 ,3
69,501,21.66959635,-157.9955498,0.92151,8.43396716246299,C96 ,3
70,501,21.66946403,-158.0035723,1.02354,9.36778016138705,C93 ,2
71,501,21.66914599,-158.0260932,1.00102,9.20110137590088,C93 ,2
72,501,21.66840581,-157.9491683,0.99937,7.71245353328165,C96 ,3
73,501,21.66800189,-158.0468798,1.03101,8.54996704897723,C93 ,2
74,501,21.66774411,-158.0335443,1.03645,8.61207817403393,C93 ,2
75,501,21.66702499,-157.9594226,1.03318,7.6927300134238,C96 ,3
76,501,21.66687887,-158.040122,1.02653,8.52965082219096,C93 ,2
77,501,21.66607117,-157.9372015,1.04254,7.78915289072919,C96 ,3
78,501,21.66628729,-157.9861982,1.0013,8.73313419270124,C93 ,2
79,501,21.66520731,-157.943393,0.98486,7.3582073365883,C99 ,4
80,501,21.66371561,-158.0243901,1.05928,9.39257090659689,C93 ,2
82,501,21.66290338,-157.9504645,1.01667,7.62623867181389,C96 ,3
84,501,21.66205741,-158.0343554,0.95524,7.93728730199936,C96 ,3
85,501,21.66113385,-157.9563724,1.01197,7.53480742594021,C96 ,3
86,501,21.66148209,-158.0442167,1.10241,8.66085337692293,C93 ,2
87,501,21.66065362,-157.9376278,1.00075,7.47692623468455,C99 ,4
88,501,21.66083702,-157.9813076,0.94587,7.62160787530281,C96 ,3
89,501,21.66097135,-158.01861,1.06806,9.70967910239389,C93 ,2
90,501,21.66033637,-157.9880759,1.02836,8.96914627228223,C93 ,2
91,501,21.65979527,-157.9446887,0.99709,7.44958146585248,C99 ,4
92,501,21.65916099,-157.9732017,1.01275,7.68864911712445,C96 ,3
94,501,21.65756888,-157.964129,1.04711,7.44155885018935,C99 ,4
96,501,21.65728278,-158.052362,1.0643,7.43933089638305,C99 ,4
97,501,21.65664284,-158.0353578,1.12195,9.05805084443444,C93 ,2
98,501,21.65607522,-158.0465716,1.08844,8.27741411181631,C96 ,3
99,501,21.65524162,-157.9389236,1.02276,7.31003160252182,C99 ,4
100,501,21.65547739,-158.0214497,1.04517,9.02099156980197,C93 ,2
102,501,21.6544083,-157.9499462,1.04369,7.44662866042396,C99 ,4
103,501,21.6546301,-158.0156572,0.99792,8.61317118775648,C93 ,2
104,501,21.65424731,-158.0273528,0.95746,7.91150776969716,C96 ,3
109,501,21.65187523,-158.05462,1.06206,7.42367397306841,C99 ,4
110,501,21.65125398,-158.0408052,1.02564,8.28049299770493,C96 ,3
111,501,21.65085737,-158.0347198,0.97985,7.91080781550907,C96 ,3
119,501,21.64584659,-158.0430634,1.07069,7.89915732850651,C96 ,3
122,501,21.64461683,-158.0335051,0.98572,7.74012659464967,C96 ,3
123,501,21.64376998,-158.0277129,1.0822,8.62043658561488,C93 ,2
125,501,21.64203734,-157.9652061,1.09466,7.8981650222842,C96 ,3
126,501,21.64171013,-157.9562221,1.14277,7.75480973752147,C96 ,3
131,501,21.63972312,-158.0464857,1.03561,7.42586127424004,C99 ,4
133,501,21.6392073,-158.035377,1.06059,8.03490195976807,C96 ,3
146,502,21.62598744,-158.0458029,1.11384,8.1528548480908,C96 ,3
151,502,21.62225025,-158.0400305,1.02012,7.773978911319,C96 ,3
155,502,21.62057441,-158.0470944,1.0421,7.86655191814283,C96 ,3
156,502,21.61832995,-158.0338731,1.06052,8.08185343595703,C96 ,3
158,502,21.61819148,-158.0569646,1.00906,7.48031292785413,C99 ,4
164,502,21.61511919,-158.0410437,0.97428,7.42464806876203,C99 ,4
165,502,21.61288443,-158.0295619,1.07132,8.28060495124504,C96 ,3
169,502,21.61196147,-158.0575847,1.01803,7.45580355261104,C99 ,4
174,502,21.6094982,-158.0376029,1.01085,7.71605486557995,C96 ,3
176,502,21.60745067,-158.0272796,1.03163,7.97382701396419,C96 ,3
188,502,21.60408188,-158.0383149,1.05425,8.10219810620915,C96 ,3
191,502,21.60206087,-158.0325321,0.99921,7.67920071673289,C96 ,3
198,502,21.60101639,-158.023845,1.05466,8.09312966048915,C96 ,3
203,502,21.59871189,-158.0160358,1.02323,7.84773760180406,C96 ,3
206,502,21.59664793,-158.0338239,1.00159,7.69749176648997,C96 ,3
212,502,21.59561935,-158.0278417,1.05852,7.90775810853768,C96 ,3
213,502,21.59558426,-158.0218528,1.07294,8.0468166281732,C96 ,3
222,502,21.5912277,-158.0338599,1.03309,7.67695050394588,C96 ,3
247,502,21.58165867,-158.0350824,1.09101,7.87751954693536,C96 ,3
268,502,21.57846319,-158.0293084,1.07593,8.11016109854329,C96 ,3
278,502,21.57573543,-158.0418826,1.05164,7.73864849974311,C96 ,3
285,502,21.57517717,-158.0235352,1.04648,7.88817200923871,C96 ,3
296,502,21.57368802,-158.0161083,1.07422,8.00491671710255,C96 ,3
300,502,21.57326288,-158.0361039,1.05347,7.75211469451627,C96 ,3
308,502,21.57103048,-158.0097519,1.06315,7.96498515103751,C96 ,3
325,502,21.56831721,-158.024547,1.03857,7.78145084920481,C96 ,3
326,502,21.56827122,-158.0167243,1.05178,7.8770046644949,C96 ,3
330,502,21.56787105,-158.0410651,1.01745,7.43469653014269,C99 ,4
352,502,21.56304688,-158.0041081,1.06718,7.95790762234627,C96 ,3
355,502,21.56291841,-158.028253,1.02935,7.71237028642089,C96 ,3
358,502,21.56250047,-158.0185982,1.03067,7.71890783622161,C96 ,3
378,502,21.55759544,-157.9989304,1.01693,7.66235238466135,C96 ,3
456,502,21.53749064,-157.9907643,1.06562,7.8140487108648,C96 ,3
827,503,21.41544673,-158.1375787,1.04298,7.80550735737794,C96 ,3
861,503,21.40503266,-158.1155473,0.97912,10.6437134994487,C89 ,1
868,503,21.40272533,-158.1234719,0.89857,8.39572482930332,C96 ,3
877,503,21.39962336,-158.1177021,1.02714,11.0490438813183,C89 ,1
886,503,21.39731441,-158.125337,0.98548,9.02924171059209,C93 ,2
902,503,21.39191248,-158.1289384,1.02632,7.97309582674433,C96 ,3
903,503,21.39188131,-158.1229577,0.99274,9.09575952769916,C93 ,2
904,503,21.39130483,-158.1164015,0.9231,9.92987532003426,C93 ,2
918,503,21.38649848,-158.1302244,1.0097,7.59787176964517,C96 ,3
920,503,21.38491216,-158.0867301,1.00259,7.65527604994433,C96 ,3
930,503,21.38165041,-158.1361371,0.99896,7.75736392836727,C96 ,3
935,503,21.37965966,-158.1011348,0.9664,10.3825054400653,C89 ,1
936,503,21.37958575,-158.1212948,1.04563,10.4499806501583,C89 ,1
939,503,21.37817933,-158.1115611,1.01704,11.5181841522513,C89 ,1
940,503,21.37802627,-158.0831075,1.01008,7.90616537471983,C96 ,3
947,503,21.376455,-158.1272937,1.02253,10.2191200636232,C89 ,1
952,503,21.3757293,-158.0926708,0.92408,8.55014970625984,C93 ,2
955,503,21.37426391,-158.1057975,0.98991,10.6350845807524,C89 ,1
967,503,21.37044353,-158.1179735,1.00452,11.1369301210596,C89 ,1
968,503,21.37031144,-158.0931864,0.90609,8.20170834010345,C96 ,3
972,503,21.36885983,-158.1089167,1.02099,10.5786419046488,C89 ,1
974,503,21.36782443,-158.1011106,0.92064,9.53889916812159,C93 ,2
981,503,21.36503011,-158.1193562,1.09699,11.1415957451407,C89 ,1
985,503,21.36346181,-158.113193,0.98756,10.2090487121258,C89 ,1
1004,503,21.35510804,-158.0719666,1.0248,7.58323452179607,C96 ,3
1005,503,21.35513568,-158.0935692,1.00152,8.92177824042924,C93 ,2
1010,503,21.35316641,-158.11393,1.01069,9.40740365149497,C93 ,2
1014,503,21.35203399,-158.1219413,1.03008,9.06892284888789,C93 ,2
1016,503,21.35098804,-158.1292769,0.96924,7.87576519794222,C96 ,3
1019,503,21.34969132,-158.0726758,0.98596,7.2633714409196,C99 ,4
1030,503,21.34662153,-158.1235165,0.97604,8.59314989479156,C93 ,2
1035,503,21.34424235,-158.1177446,1.0033,8.43906781579356,C96 ,3
1038,503,21.34376016,-158.1119615,1.02567,8.62722967956105,C93 ,2
1040,503,21.34325617,-158.1021283,0.98083,8.30676151916038,C96 ,3
1045,503,21.3422853,-158.089598,1.04421,7.98056654584358,C96 ,3
1047,503,21.34177865,-158.0961585,0.98632,8.0571794964244,C96 ,3
1049,503,21.34122107,-158.1274059,0.98735,8.02144162267246,C96 ,3
1051,503,21.33972325,-158.0836351,0.9509,7.26742818875079,C99 ,4
1055,503,21.33835236,-158.1144048,0.99762,8.39129186409827,C96 ,3
1062,503,21.336869,-158.0904029,1.02548,7.90723391485558,C96 ,3
1064,503,21.33635816,-158.0961917,0.98657,7.60720786823294,C96 ,3
1066,503,21.33430803,-158.084633,0.99294,7.29457042370343,C99 ,4
1073,503,21.33293133,-158.1143409,1.00994,7.96546360205925,C96 ,3
1079,503,21.33127459,-158.1085653,0.98631,7.80294296796728,C96 ,3
1084,503,21.32979834,-158.1027887,0.99284,7.85460331259024,C96 ,3
1085,503,21.32891634,-158.0899698,1.00128,7.3558392727937,C99 ,4
1089,503,21.3283219,-158.0970123,1.00549,7.75309508836098,C96 ,3
607,504,21.4719752,-157.9583047,1.03872,7.58628979526253,C96 ,3
655,504,21.46111074,-157.9545216,1.04603,8.06651587918489,C96 ,3
676,504,21.45569597,-157.9554287,0.97841,7.54506038339461,C96 ,3
682,504,21.4538439,-157.9482042,1.08103,8.33641996854178,C96 ,3
699,504,21.45028421,-157.9568183,1.03279,7.3946826085754,C99 ,4
717,504,21.44497576,-157.9458554,1.00569,7.72534404032873,C96 ,3
741,504,21.4377849,-157.9373193,1.05352,7.6389044819088,C96 ,3
874,504,21.39951614,-157.9287212,1.06778,7.55298461930166,C96 ,3
565,505,21.48512856,-158.1605285,0.99872,8.22167579088457,C96 ,3
583,505,21.47971919,-158.1627795,1.08474,8.06103936175961,C96 ,3
591,505,21.47722058,-158.1510181,0.97969,7.02867593305127,C99 ,4
603,505,21.47429482,-158.1620384,1.02129,7.58952202478392,C96 ,3
606,505,21.47369328,-158.1682191,0.95525,8.40814213419985,C96 ,3
612,505,21.47182648,-158.1562614,1.06215,7.62027583728433,C96 ,3
624,505,21.46887626,-158.1624554,1.01961,7.08910551339106,C99 ,4
627,505,21.46827708,-158.1691185,0.97123,7.61839491010351,C96 ,3
635,505,21.46696108,-158.1770402,1.02141,8.38370473737409,C96 ,3
645,505,21.46446037,-158.1829416,1.00158,8.22094074511884,C96 ,3
653,505,21.4628671,-158.1712724,1.04556,8.20144481077787,C96 ,3
659,505,21.46081829,-158.1771712,1.00406,7.27224004394182,C99 ,4
664,505,21.45943078,-158.1890499,1.03469,7.2775681156519,C99 ,4
666,505,21.45867846,-158.1829739,1.00498,7.27890300747505,C99 ,4
680,505,21.45539776,-158.1772017,1.00461,7.27622296697661,C99 ,4
687,505,21.45401771,-158.1906239,1.03114,7.25259856330261,C99 ,4
690,505,21.45344556,-158.1481641,1.04435,7.18939810024292,C99 ,4
256,506,21.58103676,-158.2083692,1.0118,7.14020597714824,C99 ,4
339,506,21.56637655,-158.2032334,1.07268,7.83335369004712,C96 ,3
420,506,21.54776499,-158.1844075,1.13779,8.9309914470181,C93 ,2
1101,507,21.31902569,-157.7831459,0.82694,7.48053471654028,C99 ,4
1109,507,21.28968861,-157.7015526,1.02248,7.72119227797472,C96 ,3
1110,507,21.28763049,-157.6924139,0.9839,7.82693337135669,C96 ,3
1111,507,21.28222939,-157.6948712,0.95311,7.94107287908308,C96 ,3
1088,508,21.32583089,-157.6909188,0.98043,7.61287535730252,C96 ,3
638,509,21.46534298,-158.091345,0.9301,7.70101799138274,C96 ,3
